	x
t__SGB4285	0.983381706411237
t__SGB5083	0.0507677080853315
t__SGB6308	0.88392674951682
t__SGB5121	0.0135871520210283
t__SGB5825_group	0.265281277094797
t__SGB6385	0.567516377970239
t__SGB4933	4.09131029704956e-07
t__SGB6506	0.156546703455351
t__SGB5066	0.400831863410869
t__SGB1589	0.501808723549559
t__SGB1814	0.00412298585585856
t__SGB6503	0.7041214460933
t__SGB6579	0.523185148123841
t__SGB1836	0.0299557898979123
t__SGB1953	0.803713582616638
t__SGB4894	0.0789322444576651
t__SGB6602	0.421211188691722
t__SGB1844	0.000433617169484308
t__SGB6513	0.0240299739815579
t__SGB1812	0.0779743711975878
t__SGB6465	0.791534771161894
t__SGB6478	0.500173771860115
t__SGB5111	0.0560778549063199
t__SGB6486	0.630583369897445
t__SGB6526	0.775064127840585
t__SGB6498	0.396691781808154
t__SGB6584	0.789465288073459
t__SGB1895	0.440180686020857
t__SGB9226	2.20788133938054e-06
t__SGB4327	0.0080089021924487
t__SGB2318	0.00492433313880502
t__SGB4301	0.253772437732552
t__SGB14313	0.0507781793037006
t__SGB6359	0.205380310698144
t__SGB15368	0.000174862955675275
t__SGB4940	0.000538614801397828
t__SGB4557	0.0394032339491396
t__SGB6370	0.0107895196801752
t__SGB6440	0.115838907284023
t__SGB6347	0.0715062484062842
t__SGB1824	0.479756415115894
t__SGB1867	0.100710982747087
t__SGB14230	0.739842765613478
t__SGB4652	0.000772766096439148
t__SGB5087	0.000277135176127261
t__SGB4303	0.229016961317653
t__SGB4418	0.251309049838599
t__SGB1798	0.524115840366465
t__SGB6276	0.00589001615742208
t__SGB4648	0.730161737239594
t__SGB6438	0.47123676163606
t__SGB5045	3.19014953795418e-05
t__SGB6460	0.175712797905367
t__SGB6450	0.822062912845033
t__SGB14311	0.00695055852386562
t__SGB1790	4.59570493020585e-07
t__SGB6367	0.00858933649261776
t__SGB1934	1.93455845616007e-08
t__SGB4925	1.78076626088481e-09
t__SGB4577	0.0753521223925268
t__SGB1860	0.025100525054598
t__SGB4921	0.694025205495534
t__SGB4581	0.378789234504754
t__SGB1965	0.23315755232461
t__SGB5089	1.19516360207145e-07
t__SGB6607	0.465207470810652
t__SGB6140	0.993071901420509
t__SGB6396	0.80885661690623
t__SGB5077	0.00291700985475808
t__SGB6540	0.185985848452695
t__SGB4993	0.0436618268329722
t__SGB13976	0.000395812484745822
t__SGB1877	1.00636162331715e-07
t__SGB4563	0.69536343340486
t__SGB14306	0.0102321364081451
t__SGB4715	0.0999824080747797
t__SGB1862	0.0306901470447804
t__SGB4365	0.000603215501536098
t__SGB14334	0.865158192181046
t__SGB4575	0.53367919405685
t__SGB6956	2.28091909259123e-05
t__SGB6139	0.587119577052384
t__SGB14138	0.259115393900484
t__SGB15107	0.255550820325
t__SGB1815	0.788069683648895
t__SGB4262	0.00214252692349748
t__SGB1871	0.000755176018841174
t__SGB6754	0.376523254727551
t__SGB4922	0.130151392715796
t__SGB3983	0.0032230282325614
t__SGB4882	0.170981638402589
t__SGB4198	0.0922600306105026
t__SGB5043	0.122774447818367
t__SGB8601	0.413577379740674
t__SGB6449	0.746463724074053
t__SGB4964	0.1037407674538
t__SGB9387	0.465543666212571
t__SGB4886	0.737545413683688
t__SGB6340	0.0801367500003689
t__SGB1949	3.92399004641338e-05
t__SGB5792	0.0362468800012405
t__SGB4871	0.000643963524977063
t__SGB15342	1.75626281857798e-07
t__SGB6376	0.597603429936355
t__SGB14253	0.407823736942291
t__SGB3989	0.229595517888801
t__SGB5062	0.00100824900874544
t__SGB4813	0.99377845739252
t__SGB4837	6.23577624796095e-05
t__SGB6141	0.742648140073092
t__SGB15377	1
t__SGB1784	7.74373252918556e-08
t__SGB14193	0.129627259652425
t__SGB10068	1.16847142042734e-08
t__SGB8002	0.0186328760612148
t__SGB1830	0.000346450830863972
t__SGB15356	0.946419277747749
t__SGB15316	5.17700892341061e-08
t__SGB5090	6.77851538348814e-05
t__SGB4820	0.00292880446599351
t__SGB14909	0.022050060785613
t__SGB15286	0.0104780519742942
t__SGB6790	0.135844260926563
t__SGB4269	6.2820338861175e-14
t__SGB15106	0.477327212970209
t__SGB1962	0.0209231377972581
t__SGB14243	0.788590585577899
t__SGB4706	0.428411572926247
t__SGB6609	0.332665398884976
t__SGB4828	0.817768388264781
t__SGB1857	2.97640651220427e-06
t__SGB6369	0.0298730288689056
t__SGB4874	1.16514816328281e-05
t__SGB4532	0.0507766505093285
t__SGB9340	0.633971442540681
t__SGB4705	0.442840785270048
t__SGB58520	0.775712420847176
t__SGB5082	0.00378007218863965
t__SGB4914	6.24907859675538e-06
t__SGB5042	0.993910074427393
t__SGB4637	0.354103108450003
t__SGB4651	5.98344342083079e-07
t__SGB8007_group	2.62293207909165e-06
t__SGB4771	0.0947936586226768
t__SGB9663_group	7.39414542513182e-05
t__SGB3940	0.0812491652972633
t__SGB4540_group	2.0026285664788e-05
t__SGB15196	0.49657149462529
t__SGB1832	0.0209795448801704
t__SGB5180	0.124234640481507
t__SGB4936	0.0481323727556848
t__SGB4811	0.0830172101119177
t__SGB4815	0.200201098622353
t__SGB4721	0.000101482724379441
t__SGB9262	0.889621655635544
t__SGB47850	0.478841256722582
t__SGB15332	0.103609778794951
t__SGB15244	0.221418583773266
t__SGB6529	0.072539311738518
t__SGB4714	0.0437415587411934
t__SGB14124	0.118540412754909
t__SGB4749	0.08432923036531
t__SGB4767	0.0280433676828543
t__SGB15091	0.00123438349946708
t__SGB14861	0.303710435668807
t__SGB4868	0.31224867242223
t__SGB14177	0.00236290938850377
t__SGB3952	0.919410745924365
t__SGB4809	0.0925645761817274
t__SGB4957	0.00431511086934892
t__SGB4644	0.416232987162588
t__SGB1913	0.260559956460673
t__SGB4778	0.610232198634055
t__SGB15053	0.148809505748653
t__SGB1963	0.835793042499061
t__SGB6442	0.972558847806149
t__SGB4670	0.0702483384556484
t__SGB14991	0.0115005322726284
t__SGB4571	0.513493392209572
t__SGB3964	0.480530715233586
t__SGB4669	0.326937706315756
t__SGB15346	8.93997235334879e-08
t__SGB4831	0.514119429007365
t__SGB4425_group	1.43346146508984e-05
t__SGB4659	9.55459708256071e-06
t__SGB4582	0.472031872523591
t__SGB4547	0.700488741223584
t__SGB5065	0.270544905691539
t__SGB4395	0.743497047782001
t__SGB4959	0.723946814995978
t__SGB15035	0.354166368948354
t__SGB6178	0.770115985783413
t__SGB3928	0.362268412289967
t__SGB6365	0.114681920166114
t__SGB2295	0.000255816936750447
t__SGB15318	0.529032498471789
t__SGB15267	0.0724250456695242
t__SGB15385	0.460079776024782
t__SGB3574	0.00911995586282724
t__SGB15101	0.440627068986346
t__SGB4711	0.010257337823016
t__SGB4826	0.00771558732070605
t__SGB15233	0.934532685096734
t__SGB14199	0.2033176286922
t__SGB14181	0.294901417304178
t__SGB15309_group	0.0302949560407171
t__SGB14906	0.124752448058443
t__SGB4716	0.00217215514173705
t__SGB53522	0.482359211376781
t__SGB4063	0.0110322095793582
t__SGB5061	0.022320588618818
t__SGB17241	0.0302743995132763
t__SGB4804	0.820051091490674
t__SGB6522	0.749003053988173
t__SGB14993	1.52077506881128e-05
t__SGB2303	1.05487897142759e-07
t__SGB15224	0.793806623630618
t__SGB6502	0.484418490841032
t__SGB4768	0.170440381162008
t__SGB9260	0.225830011951818
t__SGB15236	0.069155596908337
t__SGB14958	0.0933565795646683
t__SGB6847	0.118898219156523
t__SGB15317	0.000163916025149683
t__SGB15291	0.0151476992929562
t__SGB2304	0.665101893548079
t__SGB15350	0.83418605744695
t__SGB15467	0.00436188694470826
t__SGB4829	0.485500141689815
t__SGB15254	0.449913461725209
t__SGB4769	0.0973080057824245
t__SGB3957	0.0654461205219828
t__SGB6328	0.00148758164566679
t__SGB15239	0.74827177598968
t__SGB15249	0.0332768021511958
t__SGB4963	0.53581236091168
t__SGB10115	0.2749699188414
t__SGB15028	0.231815085185532
t__SGB14248	0.871294100875476
t__SGB7985	0.439393215520369
t__SGB15256	0.00100786799215227
t__SGB4938	0.220579064541654
t__SGB80143	0.0474521611434758
t__SGB15031	0.928751593186704
t__SGB4906	0.379973300345671
t__SGB4910	0.990970989774637
t__SGB4552	0.714376978036739
t__SGB15452	1.23313866629431e-13
t__SGB15180	0.302983047390013
t__SGB6148	0.00162626588040473
t__SGB4028	0.41132063060186
t__SGB4342	0.196478763987795
t__SGB14969	0.20172313941118
t__SGB4909	0.357456152522511
t__SGB15115	0.740614150878166
t__SGB4751	0.0201214300113099
t__SGB14968	0.806334848036221
t__SGB6180	0.314521954882725
t__SGB1776	0.0101993360993983
t__SGB4780	0.000280836893241708
t__SGB6765	0.0137862055198957
t__SGB72916	0.739878650301867
t__SGB4393	0.746740205950146
t__SGB17248	0.44599884551566
t__SGB14907	0.0703572108949177
t__SGB14912	0.053050876672215
t__SGB15216	0.0788164671116501
t__SGB4643	0.769310873097411
t__SGB9283	0.539459057587414
t__SGB4777	0.233701265254748
t__SGB4712	0.00196292561359087
t__SGB4436	0.120479853381128
t__SGB4893	0.103102571693493
t__SGB4772	0.0962668681692072
t__SGB14834	0.459605447748236
t__SGB15093	0.610594483153637
t__SGB17347	0.00314665678179257
t__SGB14250	0.223011763659662
t__SGB4770	0.373160661019046
t__SGB4750	0.00124505819382902
t__SGB47280	0.372934671068677
t__SGB15411	0.430041627840897
t__SGB17278	0.0213994825223664
t__SGB14749	0.336583842834892
t__SGB6172	0.234710875935268
t__SGB4779	0.245105812646533
t__SGB1588	0.36142108002832
t__SGB15229	0.834156420554674
t__SGB4183	0.131360041158213
t__SGB13979	0.121843909947994
t__SGB4808	0.152252146192919
t__SGB4951	4.40858422294691e-14
t__SGB15041	0.713914883858948
t__SGB4136	0.0317359878902138
t__SGB4247	0.00617805118497397
t__SGB15374	0.925099747429856
t__SGB4782	0.989298589471234
t__SGB4816	0.00164514314479807
t__SGB53461	0.245807315877791
t__SGB3813	0.000908818407627615
t__SGB47656	0.727658010704551
t__SGB1785	0.0174912147949155
t__SGB8056	0.0103475278577477
t__SGB15413	0.270263813428012
t__SGB71759	3.8739739043726e-06
t__SGB63327	9.64642287016269e-06
t__SGB14180	0.14195688555905
t__SGB2290	0.782377986570869
t__SGB71281	0.891233660133106
t__SGB6447	0.0186367987547596
t__SGB4665	0.0393018775934658
t__SGB17244_group	0.0837735143496063
t__SGB4781	0.986238056602874
t__SGB25416	4.11257134360593e-07
t__SGB1644	0.838418829029193
t__SGB9346	0.160995709189262
t__SGB17256	0.580713507914107
t__SGB4422	0.0131374847022733
t__SGB4608	1.11374684833879e-09
t__SGB1626	0.0890915687707504
t__SGB5818	0.723541434470007
t__SGB14535_group	0.126257703588601
t__SGB15300	0.00772324383865893
t__SGB1617	0.00862990948699211
t__SGB4900	0.0608377792084555
t__SGB9273	0.807767433995427
t__SGB1861	2.45794879734833e-09
t__SGB6517	0.0703572108949177
t__SGB1613	0.511270672766252
t__SGB6778	0.155915454658915
t__SGB1853	8.1654575018088e-07
t__SGB6783	0.222191660856185
t__SGB15301	0.12327354724179
t__SGB6796	0.524998403454527
t__SGB15373	0.0383248133160742
t__SGB5190	1.67751894913432e-10
t__SGB4961	0.323651158127092
t__SGB9298	0.711183526328283
t__SGB15238	0.641831469912507
t__SGB15119	0.365171093438494
t__SGB9324	0.201163902385403
t__SGB15198	0.844982587591234
t__SGB17231	0.0343762473483319
t__SGB14824_group	0.355515661879736
t__SGB15323	0.0256478458922602
t__SGB6836	0.089552425013329
t__SGB14322	0.801915356192113
t__SGB6806	0.288086245114819
t__SGB6338	0.218412718512729
t__SGB15370	0.1231356665684
t__SGB2296	0.0333255646136775
t__SGB6511	0.150632500174699
t__SGB14816_group	0.120209801215998
t__SGB13997	0.514466840929921
t__SGB17009	0.660784318603101
t__SGB5076	5.7931972597058e-07
t__SGB5117	0.0742816414338595
t__SGB14379	0.975085967385478
t__SGB6518	0.0736616270669842
t__SGB3965	0.0531454145390436
t__SGB4658	0.0329157684256913
t__SGB14980	0.0502400563145781
t__SGB15225	0.774388563819354
t__SGB15052	7.01358859977817e-06
t__SGB2325	4.4454250270854e-08
t__SGB15333	0.0563707627270481
t__SGB15383	0.445808779617661
t__SGB14397	0.211646085891881
t__SGB14888	0.277480991886503
t__SGB6173	0.183721405021132
t__SGB14773	0.091835518971301
t__SGB6749	0.120189829735869
t__SGB25497	0.128628797569154
t__SGB8071	0.0351583774445823
t__SGB15081	0.604332656523064
t__SGB14003	0.669769949646521
t__SGB15012	0.481950820297488
t__SGB15146	0.362182808333346
t__SGB15145	0.21232104034443
t__SGB14370	0.383021352252432
t__SGB15265	0.691732979195172
t__SGB15299	0.624562369970012
t__SGB3988	0.000187085845948515
t__SGB15049	0.000112303974368462
t__SGB25493	0.216050636487786
t__SGB5104	0.340285349131499
t__SGB3573	0.272404813603288
t__SGB14999	8.53095390085451e-05
t__SGB15089	0.90524037852265
t__SGB15290	0.963843226405738
t__SGB15132	2.7406636059652e-07
t__SGB13993	0.0200495377288714
t__SGB3959	0.47440483097648
t__SGB4121	0.577437797311132
t__SGB14890	0.0566884368180883
t__SGB17247	0.524385889578761
t__SGB14252	0.361379966740664
t__SGB10405	0.201163902385403
t__SGB6952	0.336576981494283
t__SGB15051	7.18061405844303e-05
t__SGB14963	4.98970200596149e-08
t__SGB15064	0.926767773692634
t__SGB6828	0.0255032155263425
t__SGB16971_group	0.00481118750214234
t__SGB6939	0.13701924957672
t__SGB3958	0.489738674230783
t__SGB15315	0.0725913696176629
t__SGB7984	0.735703480452123
t__SGB17163_group	0.632071395094335
t__SGB2298	0.0354056363861933
t__SGB14255	0.482968353195945
t__SGB15295	0.659269693824891
t__SGB6473	0.740887719886211
t__SGB15078	0.00337186652295875
t__SGB17167_group	0.29643595805212
t__SGB69331	0.590551987314304
t__SGB14853	0.803823993784482
t__SGB8095	0.485236478909404
t__SGB6936	0.779189505644512
t__SGB14809	0.160831497425799
t__SGB4832	0.322307363692411
t__SGB17237	0.162567979328681
t__SGB13981	0.187483333455631
t__SGB1636	0.0303753171524813
t__SGB13972	0.143632702679333
t__SGB6421	0.478606025820805
t__SGB4328	0.0322556063381464
t__SGB1474	0.50026599335124
t__SGB1002	0.68655387780093
t__SGB6817	0.429420040027874
t__SGB2230	0.152832006188273
t__SGB1928	0.361118867770178
t__SGB1679	0.000187923662194328
t__SGB4367	0.000317274953278692
t__SGB5763_group	0.70161642841005
t__SGB9307	0.748415331451206
t__SGB1899	0.972758192552617
t__SGB1663	0.0132153974938546
t__SGB4280	0.260384342031105
t__SGB5075	0.232081261007065
t__SGB6312	0.00750077313537282
t__SGB13978	0.525881322831031
t__SGB14110	0.0949421803685416
t__SGB4537	0.351697425164889
t__SGB4348	0.00517950154384692
t__SGB1668	0.0619524284603252
t__SGB2239	0.809979272837616
t__SGB2229	0.518937308671365
t__SGB1657	0.199262836372695
t__SGB14005	0.0343170376828488
t__SGB15179	0.0228370740680632
t__SGB9286	0.0504045537860986
t__SGB15102	0.0273214578774936
t__SGB2313	0.112434292254814
t__SGB2241	0.593969389083933
t__SGB4212	0.545333458830168
t__SGB14908	0.253342514964279
t__SGB14294	0.0155142826779021
t__SGB4654	0.789829318317083
t__SGB9198	0.0953379396257088
t__SGB14109	0.0742820033828497
t__SGB4272	0.00569892876989916
t__SGB14007	0.73217687002873
t__SGB4130	0.236277418463184
t__SGB15085	0.168262866469223
t__SGB2214	0.190882540636285
t__SGB58382	0.159200436657255
t__SGB14017	0.80966376749105
t__SGB101324	0.676253531077985
t__SGB14085	0.117917844722651
t__SGB3926_group	0.0903526991806362
t__SGB13999	0.515778789271069
t__SGB4300	0.366593402807025
t__SGB14209	0.474870040614008
t__SGB8779	0.579872618823953
t__SGB1786	0.0544468061471629
t__SGB993	0.508302935490134
t__SGB1945	0.418694682341443
t__SGB15266	0.275103856070553
t__SGB4119	0.417243116272505
t__SGB1672	0.08953376890296
t__SGB4569	0.237262410220236
t__SGB14011	0.358052279942402
t__SGB15154	0.105068358731385
t__SGB6291	0.269348541242776
t__SGB3922_group	0.880261837078288
t__SGB15073	0.596182099101086
t__SGB1587	0.717147991403792
t__SGB4990	0.0142330289611516
t__SGB9389	0.826476756174833
t__SGB9281	0.0461797348527598
t__SGB14854	0.0068269475270781
t__SGB4241	0.117917844722651
t__SGB1821	0.361233102310768
t__SGB15022	0.321727942441668
t__SGB15143	0.00512519852018305
t__SGB15460	0.156866469503034
t__SGB15394	0.172358545340242
t__SGB13994	0.824893564625005
t__SGB1635	0.0334439832386679
t__SGB1416	0.521594647035078
t__SGB15124	0.0210969268526737
t__SGB15017	0.68655387780093
t__SGB36365	0.322829091041419
t__SGB6153	0.677519954713358
t__SGB6329	0.046364726134103
t__SGB15018	0.539264675909665
t__SGB15126	0.000102441140488829
t__SGB6823	0.291727254792141
t__SGB15160	0.959839107022264
t__SGB14826	0.095946091285477
t__SGB966	0.00533663369882008
t__SGB63239	0.222589587259248
t__SGB4761	4.47367341763521e-07
t__SGB2323	0.260385147537514
t__SGB4741	9.39852415117975e-16
t__SGB14190	0.87177076570617
t__SGB14137	0.349018423677619
t__SGB6458	0.489038889189625
t__SGB15004	0.010090241664483
t__SGB3991	0.00449189660792728
t__SGB4044	0.0601396091804331
t__SGB15234	0.0140437685247923
t__SGB7126	0.580852342173924
t__SGB4872	0.0400739416264174
t__SGB15389	0.000220575061900504
t__SGB4573	0.17043019204011
t__SGB15016	0.806284052566259
t__SGB4135	0.145742030225912
t__SGB7968	0.056205613918702
t__SGB14128	0.210627427457003
t__SGB4373	0.144403876479125
t__SGB14954	0.00550953598067977
t__SGB6750	0.816347868677945
t__SGB15123	0.888749182461531
t__SGB6371	0.0256884373453647
t__SGB6444	0.269348541242776
t__SGB2276	0.071652328601201
t__SGB14237	0.108034663197824
t__SGB17152	0.269642871208385
t__SGB3934_group	0.500227572691103
t__SGB6174	0.0614207177432837
t__SGB8053	0.656487490805375
t__SGB14924	0.10388253264385
t__SGB4394	0.943938304571201
t__SGB57321	0.65187792250389
t__SGB2321	0.22257022740342
t__SGB4174	0.471230214443056
t__SGB19823	0.519337922986917
t__SGB48424	0.31446026022876
t__SGB15042	0.213468617797041
t__SGB4762	1.07685164227225e-09
t__SGB15253	0.871330872084732
t__SGB8168	0.222119149747882
t__SGB2329	0.0246577776998399
t__SGB14937	0.0102904346834047
t__SGB8059_group	0.0354515064902397
t__SGB15066	0.16703567236879
t__SGB4595	0.487377876087466
t__SGB15271	1.67284817027614e-18
t__SGB7980	0.160262512835872
t__SGB15465	0.141067439170719
t__SGB2181	0.269348541242776
t__SGB29347	0.636436423392971
t__SGB6829	0.000260179004074419
t__SGB15019	0.00352746650210456
t__SGB7298_group	0.485170121981819
t__SGB4758	5.93634189886768e-07
t__SGB14892	0.0245042283433268
t__SGB3969	0.00516704912487282
t__SGB15252	0.0932450756584267
t__SGB4037	0.000269507298655684
t__SGB6653	1.0762025914349e-57
t__SGB9193	0.139833034394913
t__SGB6378	0.415244202619117
t__SGB7111	0.670469060996239
t__SGB6231	0.450443959715302
t__SGB4701	0.420747675442473
t__SGB14317	0.0610163567416372
t__SGB19860_group	0.62518954884782
t__SGB9347	0.766071433520643
t__SGB14891	0.00674645113058407
t__SGB10124	0.854567090152941
t__SGB79840	0.216510339102264
t__SGB8003	0.0295756596827535
t__SGB5843	0.535337351715919
t__SGB15127	0.000381831121846012
t__SGB17168	0.630028605846324
t__SGB7261	0.481048724877209
t__SGB4722	0.523201331736882
t__SGB10209	0.350752062131604
t__SGB7962	0.266331846700375
t__SGB9277	0.908205500961922
t__SGB29313	0.821522450897652
t__SGB4208	0.0343762473483319
t__SGB5197	5.31825685469997e-08
t__SGB82503	0.0121585022754634
t__SGB15204	2.31208943009881e-07
t__SGB14263	0.00135721847047216
t__SGB4341	0.365277824361065
t__SGB15390	9.27190834415464e-05
t__SGB63369	0.022326559010946
t__SGB15322	0.091524749938494
t__SGB53706	0.00503073762921328
t__SGB7256	9.30073030303593e-06
t__SGB4193	0.0429668184159232
t__SGB7253	0.747300949156153
t__SGB2278	0.664169616987735
t__SGB2286	0.0161964794009889
t__SGB25431	0.51911213364781
t__SGB14966	0.674790021285836
t__SGB9297	0.887613231855564
t__SGB14179	0.147671394617825
t__SGB65115	0.56117291571727
t__SGB4621	0.719927537197478
t__SGB14974	0.48319140209747
t__SGB14247	0.222801951656728
t__SGB15067	0.0872614331612529
t__SGB48024	0.00221396562184058
t__SGB15382	0.0441715642321934
t__SGB14351	0.746972269800234
t__SGB63342	0.240125620301453
t__SGB7966	0.139954306357324
t__SGB79798	0.177233773210227
t__SGB4774	0.0397079403056705
t__SGB8047_group	0.885795929037325
t__SGB14870	0.139422554251719
t__SGB8026	0.00326447806438757
t__SGB14262	0.00188102622133287
t__SGB8180_group	0.328403819002587
t__SGB14127	4.00749227028819e-05
t__SGB15407	0.663065089510291
t__SGB66171	0.762966872626056
t__SGB15237	0.219430684905998
t__SGB15068	0.0657486227772133
t__SGB8018	4.81615196721887e-07
t__SGB8028_group	7.6442304603467e-05
t__SGB4691	0.340763317640217
t__SGB4699	5.66608542267357e-24
t__SGB29321	0.0181611726102558
t__SGB4817	0.359969121218155
t__SGB29302	0.000192943558529557
t__SGB15072	0.000627770731990835
t__SGB4724	0.100050723661367
t__SGB19880	0.516579266036276
t__SGB4045	0.453136187913911
t__SGB6834	0.392139944161725
t__SGB4059	0.841561439673888
t__SGB6191	0.257815395914119
t__SGB4988	9.00168247194426e-10
t__SGB748	4.35386706323704e-53
t__SGB9306	0.201163902385403
t__SGB5113	0.970766656061075
t__SGB79823	0.0134741817554094
t__SGB1653	0.0448566231584333
t__SGB8255_group	0.264451945663547
t__SGB19882	0.956014066519707
t__SGB4631	0.406565965941293
t__SGB4727	0.000379475272317386
t__SGB15099	0.415089366565689
t__SGB53807	0.0450822348868079
t__SGB4775	2.19852880282249e-05
t__SGB964	0.501582577335999
t__SGB29305	0.787642395635404
t__SGB15326	0.410788239836205
t__SGB4991	0.0282402957827033
t__SGB63325	0.00299240094325816
t__SGB47372	0.684254568474772
t__SGB15272	0.431311292326963
t__SGB5200	0.00321829198352448
t__SGB8770	0.216490932244852
t__SGB15140	0.638954962477902
t__SGB8000	0.506305068726389
t__SGB17132_group	0.0880144144622626
t__SGB6179	0.000161281811008842
t__SGB14026	0.0775455522625944
t__SGB14939	0.262786381318461
t__SGB26969	0.514664721720605
t__SGB14835	0.81930788596548
t__SGB4423	0.334033728792183
t__SGB15410	0.313083585119445
t__SGB15117	0.127814034391437
t__SGB54347	0.00263569264026487
t__SGB49059	0.780350666204622
t__SGB63164	0.427875497861619
t__SGB14212	0.865016617259065
t__SGB1858	1.50741913340301e-11
t__SGB77432	0.366593402807025
t__SGB15402	0.000332178337703701
t__SGB53517	0.0480596000595681
t__SGB3962	0.00276679133359911
t__SGB6744	0.00186547089728906
t__SGB15015	0.27997525546961
t__SGB9391	0.00938919355420707
t__SGB6768	0.00413395871168189
t__SGB14142	0.000840040733895946
t__SGB14845	0.826422044437804
t__SGB1813	0.000907867019845485
t__SGB6310	0.000898300502962666
t__SGB9203	0.801127934743528
t__SGB14894	0.0526684167476321
t__SGB13967	0.886554540180156
t__SGB1939	0.197824672618278
t__SGB95426	0.439034688609627
t__SGB14260	0.588286237409769
t__SGB15470	0.0233671601478476
t__SGB17300	0.134052909215897
t__SGB15193	0.382071322475275
t__SGB92525	0.0875892969727347
t__SGB4597	0.0160892126148255
t__SGB6649	0.701622788259393
t__SGB7263	0.340018734307536
t__SGB17234	0.798406620374446
t__SGB4824	0.822296883064756
t__SGB14940	0.0228770068561669
t__SGB1680	0.00405656385523066
t__SGB63278	0.340522836464641
t__SGB7258	0.503480354481495
t__SGB4290	0.941278035659727
t__SGB1600	0.456537313584202
t__SGB4191	0.00315352559692278
t__SGB9228	0.326500847383488
t__SGB1903	0.000896725516426346
t__SGB6305	0.521749261640984
t__SGB9342	0.845694753482536
t__SGB5051	0.00562748642764572
t__SGB8637	0.36086385067415
t__SGB14216	0.559023251699441
t__SGB14929	0.302379255683051
t__SGB1941	0.00576361888514536
t__SGB4867	0.199423614423901
t__SGB9245	0.918046773509283
t__SGB14798	0.0369630551944972
t__SGB13982	0.707051173444818
t__SGB2326	0.0249686653846513
t__SGB2301	0.0102481908837953
t__SGB4629	0.784633545074299
t__SGB2328	0.000239598694797191
t__SGB14210	0.881995640669102
t__SGB4155	0.217349428081158
t__SGB49168	0.473524968948987
t__SGB1855	4.89014166413431e-15
t__SGB9205	0.000601119516198417
t__SGB1404	0.512654872780188
t__SGB14182	0.715068231049289
t__SGB14807	0.445630942424392
t__SGB14951	0.125380989903402
t__SGB6353	0.183703034892619
t__SGB15120	0.301322804015772
t__SGB4584	0.0357343074432415
t__SGB4046	0.0146720568805746
t__SGB13983	0.956276708139409
t__SGB3996	4.49305555090363e-05
t__SGB14921	0.279615321740679
t__SGB54300	0.370148744590809
t__SGB4080	0.0474439968231404
t__SGB4606	0.919397484558377
t__SGB53814	0.0899635688760188
t__SGB15164	0.655702068872213
t__SGB4763	0.000404580747333176
t__SGB4703	0.0140362675970719
t__SGB72838	0.204131705751416
t__SGB14043	0.989209073656442
t__SGB4753	0.574251234933707
t__SGB8599	0.0532406425029553
t__SGB4031	9.23799672341441e-06
t__SGB3961	0.116569686517397
t__SGB8625	0.643921491411541
t__SGB4987	2.27816290463292e-05
t__SGB15273	0.00016355531128469
t__SGB15211	0.0832819877986689
t__SGB62935	0.254686613043581
t__SGB15131	0.000817536844380355
t__SGB14838	7.66573095139471e-06
t__SGB4862	0.0397599803876357
t__SGB33550	0.452995190857657
t__SGB4613	0.0892972558826953
t__SGB63353	0.36417633826464
t__SGB4632	0.0298692446956174
t__SGB4531	0.0157225849130675
t__SGB71883	0.399017585786299
t__SGB63101	0.572058684741088
t__SGB15459	0.456755664679848
t__SGB14139	0.0122298677839175
t__SGB14797	0.346626646909764
t__SGB14837	0.00349345038597669
t__SGB14868	0.00102095277628219
t__SGB7142	0.576787078366633
t__SGB48013	0.312521575962712
t__SGB4677	0.0470275597973298
t__SGB7168	0.488807474852127
t__SGB48548	0.671868139556198
t__SGB29433	0.0787483773990676
t__SGB985	0.98146423568644
t__SGB72336	0.36129887614477
t__SGB25547	0.854269952212846
t__SGB79883	0.000433829558331516
t__SGB59559	0.203106907163474
t__SGB17169	0.639911207422603
t__SGB14995	0.708150846312999
t__SGB19429	0.648807336002611
t__SGB4116	0.0690925793132073
t__SGB15451	0.327096820984694
t__SGB14143	0.000554297320859137
t__SGB71394	0.705860990891521
t__SGB14348	0.760337876906301
t__SGB15892	0.574009437628089
t__SGB79822	0.00018046036011852
t__SGB29340	0.013877831979292
t__SGB2302	0.00190882858091165
t__SGB4742	1.44653055480955e-13
t__SGB72833	0.1443457244863
t__SGB26761	0.34714967736388
t__SGB53518	0.415917021029481
t__SGB14839	0.848735093263473
t__SGB3931	0.137051677012946
t__SGB7020	0.44952807003046
t__SGB7264	0.93831625075413
t__SGB6271	0.149430878596305
t__SGB6293	0.51848820050871
t__SGB1822	0.36515820453385
t__SGB6362	0.128731126216946
t__SGB6499	0.465194760918629
t__SGB8021	0.572312092035882
t__SGB5058	0.365683801554362
t__SGB4655	0.00679816785291962
t__SGB6543	0.842647884047193
t__SGB1883	0.000382160927136488
t__SGB9345	0.912520151355252
t__SGB5744	0.0645146356491151
t__SGB6273	0.356451316221921
t__SGB2071	0.0598821620623223
t__SGB5184	0.0780048748062059
t__SGB6601	0.951032477645865
t__SGB14904	0.366593402807025
t__SGB1477	0.000240264494033123
t__SGB4339	0.499495572728413
t__SGB1585	0.572711806488247
t__SGB5060	0.788480655236573
t__SGB15260	0.0064962638289965
t__SGB49163	0.216627069263803
t__SGB47358	0.110990948688775
t__SGB14832	0.365787616077251
t__SGB1891	0.0352834087174691
t__SGB5862	0.056112977499174
t__SGB35190	0.82096314546483
t__SGB4588	0.00243434627170236
t__SGB1829	2.02456611786979e-05
t__SGB1408	0.222275551629897
t__SGB42794	0.358653316418031
t__SGB4053	0.228110022822006
t__SGB4419	0.436592800138724
t__SGB15372	0.142260074450099
t__SGB1930	0.965117114011885
t__SGB15447	0.102214745206708
t__SGB1423	3.38611429326227e-10
t__SGB9274	0.0796119293803381
t__SGB14114	0.00734999253044507
t__SGB3580	0.909488241405576
t__SGB5736	0.668524197360582
t__SGB6816	0.824298762755448
t__SGB4333	0.380398574490469
t__SGB15497	0.648726551095112
t__SGB8767	0.00964784990173869
t__SGB1931	0.114443125387143
t__SGB10064	0.0256933061195958
t__SGB15111	0.863260175769258
t__SGB4587	0.267845742920412
t__SGB4966	0.00345610238355143
t__SGB6346	0.1855094063035
t__SGB4260	0.0181881448342544
t__SGB5068	0.94885098369232
t__SGB2107	0.201163902385403
t__SGB1472	0.000159010332967357
t__SGB6445	0.314729725899488
t__SGB5072	0.042583666177848
t__SGB4930	0.019933309597645
t__SGB4448	0.145129939469695
t__SGB4788	0.0441583921044199
t__SGB4553_group	0.449404635244569
t__SGB4664	1.38952590354484e-06
t__SGB1846	0.316880126063493
t__SGB14341	0.538506007079143
t__SGB15090	0.174457149739747
t__SGB4958	0.659630461043611
t__SGB14990	0.819796165797808
t__SGB6606	0.957774307637021
t__SGB10130	0.704246857422556
t__SGB27808	0.749765061327012
t__SGB69197	0.703078637701826
t__SGB4746	0.587986889264143
t__SGB4434	0.163653565670362
t__SGB14822	0.977246124733753
t__SGB5785	0.56027985384917
t__SGB1948	0.744801867550593
t__SGB9258	0.323229214894791
t__SGB2133	0.884020337986361
t__SGB14922	0.00019898714236343
t__SGB1778	4.72168986938239e-06
t__SGB47419	0.519193789017802
t__SGB9271	0.887702870000443
t__SGB15395	3.28648202586187e-05
t__SGB15121	0.785370914398535
t__SGB14027	0.221101824785213
t__SGB14941	0.822233607135764
t__SGB14048	0.784728905351584
t__SGB4960	2.85769142426401e-05
t__SGB6428	0.684168416681046
t__SGB63370	0.835702060460773
t__SGB14328	0.238879079192687
t__SGB15278	0.000136486672553036
t__SGB14932	0.000198952357760062
t__SGB15202	0.0608485162943384
t__SGB53446	0.109116452292253
t__SGB4725	4.17179804492674e-06
t__SGB14037	0.266476340584083
t__SGB15045	0.000286734049665675
t__SGB23477	0.000249872710591324
t__SGB59576	0.0882833223012521
t__SGB4159	0.996020157018399
t__SGB3993	0.0167119041484551
t__SGB29328	0.519042932261973
t__SGB14952	1.85512822915094e-05
t__SGB98319	0.193987812901247
t__SGB4992	0.134225320323627
t__SGB29435	0.0139255886920954
t__SGB15203	0.0349030208412077
t__SGB58519	0.0018475867376785
t__SGB15139	0.931210365708776
t__SGB54318	0.161673516921941
t__SGB14033	0.0141365201963047
t__SGB4438	0.496760489076798
t__SGB14307	0.00655040390035946
t__SGB5290	0.000858612491148073
t__SGB4594	0.0452806259115197
t__SGB9280	0.428907780599935
t__SGB2076	0.00214558371866794
t__SGB4335	0.123507930626933
t__SGB6533	0.0402627584906923
t__SGB6077	0.768625828597083
t__SGB4181	0.242630261478165
t__SGB10207	0.646091564030094
t__SGB6313	0.368752921216694
t__SGB7967	0.0958563160554905
t__SGB15103	0.342771109233808
t__SGB15087	0.0979885895790452
t__SGB1782	0.252505440787234
t__SGB42321	0.928332027868007
t__SGB1959	0.684254568474772
t__SGB14198	0.0599070507373534
t__SGB6177	0.000413500845952566
t__SGB6187	0.31861039607586
t__SGB59334	0.112243147352534
t__SGB7952	0.403461383198118
t__SGB1946	0.0455639246004486
t__SGB49089	0.422068265934064
t__SGB72339	0.816994063937291
t__SGB9632	0.0197394966692569
t__SGB7928	0.888067200644071
t__SGB6846	0.778426636478761
t__SGB7929	0.422851973012949
t__SGB14960	3.02730964317662e-05
t__SGB8130	0.00841862086313577
t__SGB15384	0.485764970874612
t__SGB14842	0.0251196045064166
t__SGB7932	0.562953791077238
t__SGB9450	0.264213268675326
t__SGB5989_group	1.94052537263854e-15
t__SGB15159	0.0293082850572889
t__SGB5266_group	0.856605991943006
t__SGB29375	0.107848229446577
t__SGB10086	0.692868319340454
t__SGB9656	0.245882325672497
t__SGB15149	0.0631254613015894
t__SGB14972	0.0052418722408816
t__SGB4471	0.2892060696191
t__SGB5273	0.68388953938129
t__SGB25240	0.379841993246026
t__SGB8091	0.242185190512565
t__SGB15275	0.107876266679583
t__SGB14071	0.421285410944638
t__SGB6571	0.00959786708288404
t__SGB6484	0.850916659418764
t__SGB6525	0.803713582616638
t__SGB6509	0.857235634818864
t__SGB1910	0.0920345028048698
t__SGB5820	0.671168457808628
t__SGB13947	0.0404050184443012
t__SGB6462	0.823949759072324
t__SGB2184	0.450443959715302
t__SGB4197	0.996000725068447
t__SGB6510	0.570354287190992
t__SGB2068	0.366593402807025
t__SGB14291	0.104704086133346
t__SGB6358	0.000172268051862193
t__SGB8768	0.409615864992205
t__SGB4364	0.480051820196046
t__SGB6456	0.634815440414953
t__SGB6289	0.463348660113632
t__SGB1888	0.543447621038526
t__SGB6524	0.969027806072312
t__SGB14232	0.0334439832386679
t__SGB14295	0.236288719968936
t__SGB6317	0.0827521624026477
t__SGB4123	0.0265497396824403
t__SGB5743	0.893622931989355
t__SGB14151	0.030591010091675
t__SGB6290	0.482573089515452
t__SGB2279	0.116873847577352
t__SGB5722	0.422851973012949
t__SGB1967	0.910200762021511
t__SGB6747	0.452719426634777
t__SGB4638	0.304453205974758
t__SGB15212	0.587364282059686
t__SGB14323	0.846920673724634
t__SGB15408	0.248657653206228
t__SGB2087	0.587908032376688
t__SGB4329	0.0297676804938763
t__SGB15108	0.195709568109618
t__SGB6249	0.912639884486759
t__SGB5040	0.406224161384425
t__SGB14136	0.497959512047393
t__SGB1430	0.667674333637208
t__SGB8778	0.840528373256026
t__SGB15403	0.00181349053583531
t__SGB4141	0.877290144098035
t__SGB1960	0.886554540180156
t__SGB15065	0.166366549075958
t__SGB14215	0.018136740146131
t__SGB2219	0.774581022501346
t__SGB9212	0.367955071291902
t__SGB29097	0.885937716586629
t__SGB14975	0.862549312869143
t__SGB2155	0.360761287948416
t__SGB14205	0.566415943921497
t__SGB29307	0.721850166854784
t__SGB1684	0.366593402807025
t__SGB6487	0.995868025357552
t__SGB6422	0.00168573511218379
t__SGB6302	0.999270824846521
t__SGB4151	0.669071124286228
t__SGB35555	0.366593402807025
t__SGB4953	0.174593513531551
t__SGB7124	0.177272780941344
t__SGB6452	0.346190382571933
t__SGB4153	0.0326293289176843
t__SGB7991	0.0677016234751171
t__SGB15409	0.179376598155137
t__SGB4905	0.162245962469001
t__SGB4598	0.0907703842497078
t__SGB7088_group	0.81698241647494
t__SGB5857	0.485474043793959
t__SGB4628	0.000675047173776009
t__SGB15302	0.841587985153253
t__SGB14754	0.143046846493237
t__SGB4617	0.729397260764137
t__SGB14737	0.00495335400003321
t__SGB13825	0.963184608768934
t__SGB14936	0.0155388636703422
t__SGB14844	0.0344154157368219
t__SGB14794	0.392754409931957
t__SGB63326	0.00176888476686745
t__SGB4877	0.305353462499893
t__SGB14759	0.977260944345084
t__SGB4029	0.000329501333191423
t__SGB63163	0.000301655610709119
t__SGB14752	0.268323177357066
t__SGB63305	0.611109104613796
t__SGB4800	0.771721357619516
t__SGB15210	0.0583305897187843
t__SGB2311	0.982773383229595
t__SGB14898	0.0748062303734964
t__SGB59836	0.00309148652678723
t__SGB66170	9.48095541048745e-05
t__SGB5742	0.133607942386864
t__SGB5181	0.0331164921656791
t__SGB4626	0.0966823362255207
t__SGB59817	0.000415267335501571
t__SGB15878	0.187082267379617
t__SGB14125	0.00632579735371656
t__SGB4546	0.711997576444473
t__SGB1024	0.085016948742475
t__SGB1697	0.0628258997359396
t__SGB14002	0.685403858918967
t__SGB5071	0.0094916596925526
t__SGB9257	0.724389344224849
t__EUK4932	0.881612094103408
t__SGB4447	0.400049216018641
t__SGB8154	0.664624187445392
t__SGB7164	0.479500500649296
t__SGB4673	0.889814135500333
t__SGB6383	0.82340423324367
t__SGB7259	0.137741138391069
t__SGB2135	0.352932690625402
t__SGB5967	0.408760450829006
t__SGB4041	0.964098220830504
t__SGB4798	0.720653262837427
t__SGB6767	0.239433908908699
t__SGB4574	0.520126360426304
t__SGB4035	0.426484864437743
t__SGB14895	0.404994652733736
t__SGB4786	0.0252436956489288
t__SGB66069	0.0150680743687749
t__SGB4728	0.80001267520277
t__SGB4729	0.338425868472458
t__SGB4030	0.00272511319483814
t__SGB12106	0.00166894903951063
t__SGB4688	0.145136791251744
t__SGB53821	0.0221829908975198
t__SGB14036	0.323244027118799
t__SGB4166	0.0878180339633823
t__SGB4614	1.88797463619846e-05
t__SGB4529	0.475083707630665
t__SGB7248	0.992213441999491
t__SGB59869	0.655807984899136
t__SGB7295	2.24215005307146e-45
t__SGB63345	0.050221117606232
t__SGB105839	0.683861640055909
t__SGB17157	0.839966666701793
t__SGB8249	3.92267335110697e-09
t__SGB14810	0.168849263378277
t__SGB8239_group	0.54376940302001
t__SGB6826	1.00117978157726e-23
t__SGB14862	0.518529661049633
t__SGB6772	0.750368551999005
t__SGB4616	0.178900876188385
t__SGB1912	0.0883034145731164
t__SGB4420	0.284836573461829
t__SGB1916	0.842647884047193
t__SGB14333	0.498725782579833
t__SGB4657	0.524111622575785
t__SGB4803	0.961287240907192
t__SGB4421	0.945703033285253
t__SGB7249	0.257212676677307
t__SGB6330	0.6839129332549
t__SGB4027	0.4827151855127
t__SGB4825	0.711570915482462
t__SGB15257	0.576077865517649
t__SGB17127	0.0103742173677807
t__SGB7217	0.820177095235155
t__SGB4720	0.0845241435973178
t__SGB59548	0.0735824735490534
t__SGB4810	0.000253720317789
t__SGB2299	0.389299923893547
t__SGB15086	0.336872786016041
t__SGB17034	0.168872053263899
t__SGB4580	0.635890558943705
t__SGB6188	0.0108714627129797
t__SGB4078	0.448651423999119
t__SGB15201	7.56920380436706e-08
t__SGB63169	0.0244653007584051
t__SGB59819	0.0836986218329812
t__SGB4949	0.713597819100339
t__SGB15213	0.465239582859352
t__SGB14315	0.0544762096232639
t__SGB4165	0.338982447110598
t__SGB7265	0.000683335004293636
t__SGB63341	0.0601994948191676
t__SGB1593	0.972209678907987
t__SGB1424	0.49795662352007
t__SGB15156	0.00746578467788057
t__SGB4623	0.106030987153873
t__SGB14360	0.00396537221524888
t__SGB14149	0.244198744287255
t__SGB4687	0.332755198936573
t__SGB14367	0.00136269212046024
t__SGB17153	0.629374023920932
t__SGB14148	0.0554694800041369
t__SGB5193	0.470038083173997
t__SGB5822	0.370624969256244
t__SGB14778	0.899401157678441
t__SGB15076	0.00975976532810609
t__SGB7038	0.0193305463094838
t__SGB7995	0.807138301816492
t__SGB7082	0.0387497837465161
t__SGB7097	0.998298592361137
t__SGB33546	0.452794066690814
t__SGB14221	0.528028515033161
t__SGB17154	0.0131269247538163
t__SGB66168	0.000342354940620173
t__SGB63346	0.0751396312630035
t__SGB4314	0.501037043831384
t__SGB7093	0.893622931989355
t__SGB72480	0.518672800170143
t__SGB6962	0.000489613930044402
t__SGB17291	0.819887710465039
t__SGB63343	0.0405575842751097
t__SGB3578	0.514137664194007
t__SGB4622	0.440254226861363
t__SGB8094	0.0616056861252132
t__SGB72479	0.327159065778497
t__SGB6771	0.0386336377688624
t__SGB14386	0.796987642205264
t__SGB7098	0.192061067561639
t__SGB14911	0.478632261318167
t__SGB63333	0.916782650289821
t__SGB3920	1.35051825546555e-05
t__SGB47116	0.093669935040699
t__SGB4624	0.474225364166496
t__SGB96076	0.0204558170562463
t__SGB10112	0.957435860151643
t__SGB59855	0.0786012844381846
t__SGB14387	0.64399418345568
t__SGB15130	0.687914078676443
t__SGB6627	0.00134568124221482
t__SGB8005	0.146807053034975
t__SGB19822	0.382629906098219
t__SGB17147	0.000935595053838305
t__SGB15877	0.853791901458913
t__SGB8067	0.045791519529864
t__SGB14770	0.756989113773689
t__SGB7285_group	0.881427473761122
t__SGB962	0.75297533531669
t__SGB97158	0.581498981923444
t__SGB17130_group	0.151488446696738
t__SGB63167	5.52816441528812e-07
t__SGB14846	0.0156901874745858
t__SGB15207	0.00894355108645778
t__SGB4602	0.726776396104372
t__SGB6007	3.24058792407827e-36
t__SGB7252	0.888067200644071
t__SGB15235	0.0496199075679496
t__SGB7281	0.768795571460367
t__SGB1592	0.341155730893269
t__SGB14874	0.000721217835697573
t__SGB3937	0.755347159797055
t__SGB1897	0.526395436536202
t__SGB47381	0.637477148518654
t__SGB4672	0.829314156538295
t__SGB4572	0.519271105973169
t__SGB4630	0.00721051553039501
t__SGB1933	0.501037043831384
t__SGB9333	0.164182085177879
t__SGB1917	0.803713582616638
t__SGB4747	0.348200033780181
t__SGB14863	0.0311291963194312
t__SGB4865	0.704157365766179
t__SGB47518	0.888564376018148
t__SGB15150	0.000556619593350487
t__SGB4619	0.976177081307999
t__SGB14808	0.129485024832743
t__SGB8620	0.633808735983952
t__SGB17137_group	0.0492149990219322
t__SGB14962	5.29904120371121e-07
t__SGB5099	0.109047861966203
t__SGB6250	0.269348541242776
t__SGB6384	0.226532810813193
t__SGB8630	0.694357239658076
t__SGB4184	0.06969239079844
t__SGB65105	0.186599515523077
t__SGB6184	0.724389344224849
t__SGB9344	0.561748102014348
t__SGB4424	0.28561169605204
t__SGB14953	0.0339554345394557
t__SGB14004	0.160815327744527
t__SGB1848	0.904340611293027
t__SGB3677	0.196904428821726
t__SGB6039	0.0809752072615151
t__SGB3683	0.0488088851050431
t__SGB14741	0.180844850797341
t__SGB5904	0.12610080880409
t__SGB3992	0.0521602402499967
t__SGB101613	0.969027806072312
t__SGB15904	0.275695866543317
t__SGB1831	0.349864871128483
t__SGB1699	4.11143874565568e-07
t__SGB4833	0.886714788891965
t__SGB29095	0.412593517504882
t__SGB1796	0.814868056603278
t__SGB9290	0.323929602503314
t__SGB14330	0.213763133714303
t__SGB9657	0.725951962614007
t__SGB4158	0.260652401856272
t__SGB6334	0.0069743837293317
t__SGB15398	0.280223577307489
t__SGB4890	0.000879878289599022
t__SGB2082	0.0879457712334811
t__SGB5809	0.0437869735394081
t__SGB14764_group	0.698348611297002
t__SGB1429	0.913599222061763
t__SGB2275	0.0143226841123427
t__SGB7129	0.131339711413292
t__SGB6176	0.342647095319036
t__SGB6274	0.163533547849616
t__SGB14342	0.0394288698774836
t__SGB6286	0.236937532293274
t__SGB4671	9.2829332566825e-05
t__SGB8634	0.738956115790376
t__SGB4036	0.299895650457664
t__SGB4784	0.258514825325408
t__SGB71368	0.174730132867636
t__SGB71360	0.0120225637909694
t__SGB6641	0.000470933399088418
t__SGB15011	0.00540759896407728
t__SGB4757	0.00388339809303764
t__SGB4744	0.668205607213841
t__SGB4006	0.189307258951513
t__SGB7280	0.287972146296712
t__SGB15209	0.00632338228021846
t__SGB72735	0.0104353009100395
t__SGB14167	0.201163902385403
t__SGB14259	0.0899227670825637
t__SGB4776	0.00373145182013558
t__SGB4718	0.372131675309695
t__SGB14805	0.622888497494266
t__SGB29301	0.000103558130143886
t__SGB82545	0.0120365017170391
t__SGB79833	0.21212304584476
t__SGB4937	0.635890558943705
t__SGB6262	0.232258105912415
t__SGB2173	0.493605042480067
t__SGB47402	0.810063972286339
t__SGB9275	0.537916912710198
t__SGB1957	0.83325403940508
t__SGB7951	0.345772948488818
t__SGB15075	0.0475348434699249
t__SGB6837	0.359646708641314
t__SGB15074	0.77869033823541
t__SGB14740	0.686912967563937
t__SGB6403	0.565946613612369
t__SGB14049	0.423636648439688
t__SGB14222	0.747114079908023
t__SGB54320	0.68991794110196
t__SGB14229	0.0631740520712577
t__SGB9202	0.0118467745083385
t__SGB14042	0.470709174213321
t__SGB6564	0.0189431637421829
t__SGB15013	0.57446359673068
t__SGB53794	0.243941143839693
t__SGB14218	0.962888626153562
t__SGB6472	0.740702810022352
t__SGB13984	0.660910747378827
t__SGB14020	0.520649965813693
t__SGB14847	0.975095992816424
t__SGB15493	0.458699185840426
t__SGB6382	0.0454663561887661
t__SGB14332	0.918456983035896
t__SGB5803_group	0.476693454501821
t__SGB9631	0.109868239771028
t__SGB6935	0.052040296775139
t__SGB1894	0.110506776166167
t__SGB4206	0.11724574316963
t__SGB5182	0.206409255596182
t__SGB14987	0.783556501047617
t__SGB12107	0.201163902385403
t__SGB4194	0.469695222184041
t__SGB15161	0.316286663538409
t__SGB6746	0.48836408274581
t__SGB4133	0.673810513358494
t__SGB15138	0.66627869324833
t__SGB8057	0.3183967965647
t__SGB33553	0.779729193117944
t__SGB15070	0.77339221733056
t__SGB14223	0.638043097426993
t__SGB82511	0.422148169225498
t__SGB105802	0.964151794458632
t__SGB7202	0.171968809543008
t__SGB15125	0.000737185822907093
t__SGB15463	0.0001673058656398
t__SGB6152	0.68655387780093
t__SGB4866	0.361602590799321
t__SGB3970	0.000515639232483454
t__SGB1557	0.0247603030226389
t__SGB5731	1.31665335304647e-05
t__SGB15158	0.622731808656296
t__SGB9392	0.321410150166065
t__SGB7045	0.180588783368123
t__SGB7106	0.648672800755292
t__SGB47433	0.381513239241251
t__SGB7196	0.973865090222219
t__SGB6938	0.551468579723843
t__SGB7101	0.117917844722651
t__SGB7475	0.269348541242776
t__SGB9224	0.0912960579254524
t__SGB4311	0.886554540180156
t__SGB5684	0.31767863255001
t__SGB14301	0.0123177548483488
t__SGB14871	0.0300776244569903
t__SGB15507	0.0396365395830603
t__SGB6298	0.749066226300125
t__SGB6410	0.668372585441368
t__SGB10083	0.0998900956334626
t__SGB6183	0.893844555068514
t__SGB66070	0.055363254770627
t__SGB14308	0.159504364120891
t__SGB28999	0.0367454753979092
t__SGB6144	0.157989107423434
t__SGB7494	0.269348541242776
t__SGB1942	0.0250020438657024
t__SGB63307	0.871250877250279
t__SGB66067	0.336386260048807
t__SGB61016	0.0231299482992474
t__SGB6531	0.804570171578117
t__SGB65079	0.000120623746602015
t__SGB3990	0.068669002907614
t__SGB14296	0.512119473609146
t__SGB1878	0.519095489664547
t__SGB66207	0.839469050222749
t__SGB4973	0.0132999129586503
t__SGB6146	0.422068265934064
t__SGB4026	0.00133920128343121
t__SGB6497	0.515326557746049
t__SGB8592	0.422068265934064
t__SGB63311	0.0196480883404356
t__SGB13952	0.227053594893417
t__SGB29299	0.256072408864747
t__SGB4605	0.776050928291438
t__SGB14099	0.0155142826779021
t__SGB3978	4.35951672295739e-08
t__SGB15400	0.108359229001032
t__SGB15304	0.519306833759774
t__SGB6532	0.227575232100855
t__SGB63357	0.117917844722651
t__SGB15165	0.158392780953377
t__SGB15137	0.0200898462712824
t__SGB4625	0.228097722873758
t__SGB59711	0.171857667551202
t__SGB82504	0.348761308582776
t__SGB49305_group	0.499197686968627
t__SGB5183	0.00629641935834516
t__SGB2073	0.674921840347521
t__SGB4599	0.055363254770627
t__SGB5191	0.00259564376743199
t__SGB4583	0.607383080815451
t__SGB6538	0.188742982371705
t__SGB61600	0.00610435979549827
t__SGB14965	8.48808349346994e-05
t__SGB64163	0.888067200644071
t__SGB6145	0.911826751066852
t__SGB59892	0.27404616521239
t__SGB6031	3.64885253296534e-06
t__SGB1705	0.517364810208029
t__SGB5842	8.84257654501978e-41
t__SGB9292	0.0351087618446366
t__SGB15313	0.448044055164758
t__SGB15095	0.062581156856037
t__SGB1437	0.987447688124123
t__SGB1638	0.139591631730966
t__SGB16986	0.904776792627303
t__SGB4892	0.0302336338048897
t__SGB4042	0.519761782789875
t__SGB6033	0.048028570064017
t__SGB105947	0.0315540900760006
t__SGB6791	0.00660666150962855
t__SGB4760	0.00134279951749691
t__SGB4785	0.629245830723181
t__SGB4519	0.497188096161338
t__SGB14985_group	0.336437964171177
t__SGB15077	0.00574017609681118
t__SGB14996	0.354278348339569
t__SGB8236	0.0542097704925936
t__SGB82499	0.35736166915187
t__SGB4615	0.683022038560323
t__SGB74335	0.00110792759446015
t__SGB6461	0.363623124736558
t__SGB5063	0.033592351355321
t__SGB60876	0.103228318744929
t__SGB1827	0.0165012558893399
t__SGB15000	0.0777088539968232
t__SGB8640	0.520581402545911
t__SGB5116	0.168592022183014
t__SGB1845	0.255635108763279
t__SGB14242	0.0867032095466426
t__SGB14270	0.117917844722651
t__SGB10459	0.0103742173677807
t__SGB2287	0.162199072344655
t__SGB8769	0.34072036199031
t__SGB6350	0.913181512547313
t__SGB73859	0.188046781205269
t__SGB15048	0.0372925555556959
t__SGB13964	0.117917844722651
t__SGB14851	0.00165845198949123
t__SGB15242	0.251368488496583
t__SGB1791	0.0238578960108469
t__SGB15134	0.156941153555782
t__SGB15142	0.263804312750013
t__SGB15471	0.669303532010185
t__SGB17525	0.000133625214572364
t__SGB1982	4.41877177830718e-05
t__SGB5856	0.168033005715898
t__SGB14779	0.0252479832578305
t__SGB15305	0.0672032603030432
t__SGB41058	0.488229799242236
t__SGB14014	0.521640202250665
t__SGB4437	0.850685725623143
t__SGB1991	2.01708453232323e-13
t__SGB29380	0.0598807275447138
t__SGB14329	0.668372585441368
t__SGB25437	0.987263284928305
t__SGB15494	0.238548484063211
t__SGB7931	0.0566592259878732
t__SGB77276	0.105368655818112
t__SGB14857	0.929412666528958
t__SGB14803	0.695078700229685
t__SGB25538	0.211695567070752
t__SGB2165	0.451383220259218
t__SGB6477	0.0254867738457446
t__SGB2091	0.0259423252775232
t__SGB4289	0.344772243338685
t__SGB2111	0.564449247692755
t__SGB15172	0.0554615297670772
t__SGB4110	0.339416391663127
t__SGB1795	0.211658721052084
t__SGB14244	0.145997342446593
t__SGB14050	0.547260793125251
t__SGB14224	0.055363254770627
t__SGB4406	0.832569581475976
t__SGB6430	0.449505807203647
t__SGB2136	0.754932274610236
t__SGB3579	0.80114523368394
t__SGB14022	0.984003904985101
t__SGB14336	0.0539317870205882
t__SGB15191	0.56883211656884
t__SGB27144	0.841587985153253
t__SGB15038	0.945314418164098
t__SGB13977	0.417360370506193
t__SGB14925	0.324180451964361
t__SGB14744	0.269348541242776
t__SGB73075	0.784430057693768
t__SGB29334	0.332014826270289
t__SGB15109	0.00360366738469997
t__SGB15399	0.129557219757051
t__SGB1835	0.0745653735618542
t__SGB6264	0.842647884047193
t__SGB61601	0.304707314399409
t__SGB7144	0.145787368309195
t__SGB4396	0.256577190627651
t__SGB15241	0.575519690548499
t__SGB6190	0.840528373256026
t__SGB24096	0.0268704664046957
t__SGB749	5.75523275777542e-05
t__SGB5986	4.55801746887965e-06
t__SGB6705	0.350485508127117
t__SGB746	6.86667320808898e-15
t__SGB1981	1.53593970465264e-07
t__SGB8025	0.769635765659516
t__SGB6014	1.1689759547859e-23
t__SGB6661	1.12414532848087e-09
t__SGB6697	0.000169844973135965
t__SGB17307	0.514003327713804
t__SGB6011	1.29605099888565e-22
t__SGB17195	8.5733364439061e-06
t__SGB17156	0.747302508221743
t__SGB15480	0.523522401572883
t__SGB6001	1.02891349568301e-11
t__SGB1890	0.467070419689901
t__SGB4989	0.00311466863970373
t__SGB1559	0.0671657421501325
t__SGB9652	0.841587985153253
t__SGB1940	0.00106985363639272
t__SGB29505	0.422068265934064
t__SGB3977	0.000455730572604521
t__SGB6683	0.189963411179658
t__SGB5854	0.256072408864747
t__SGB5985	1.3355785855894e-05
t__SGB5800	0.821119874804974
t__SGB4702	0.12855576873635
t__SGB6372	0.261074008049179
t__SGB79652	0.421285410944638
t__SGB14812	0.0916927948478278
t__SGB1956	0.0257136770178462
t__SGB15082	0.0386354830371661
t__SGB1561	5.57412701000356e-06
t__SGB6698	0.111275859483105
t__SGB4607	4.81502774250493e-06
t__SGB15280	0.488856845027256
t__SGB15283	0.0703572108949177
t__SGB6028_group	0.594035217214483
t__SGB14998	0.297354690824209
t__SGB4551	0.685412330389348
t__SGB5118	0.260469535862393
t__SGB9272	0.590689962070922
t__SGB14923	0.122048722195708
t__SGB14194	0.18856298795666
t__SGB14018	0.25859809904693
t__SGB7262	0.0805755251198621
t__SGB14013	0.143196650644964
t__SGB53514	0.0103424896687274
t__SGB17151	0.607961983477058
t__SGB6326	0.888067200644071
t__SGB2308	0.11166198215797
t__SGB8594	0.888067200644071
t__SGB6285	0.172240308296906
t__SGB4834	0.855692754579688
t__SGB2016	8.51332618869316e-12
t__SGB20619	0.269348541242776
t__SGB10084	0.27971162338067
t__SGB6493	0.0911362202548164
t__SGB4154	0.262104214067535
t__SGB15388	0.51523960272936
t__SGB15002	0.0359795930928157
t__SGB14024	0.255372529029391
t__SGB15449	0.00268859406797456
t__SGB15251	0.842647884047193
t__SGB13948	0.501808723549559
t__SGB14211	0.560069507818316
t__SGB19858	0.609752943625954
t__SGB14928	0.680917879950134
t__SGB9737_group	1.4954238019226e-05
t__SGB96977	0.382071322475275
t__SGB29304	0.00214389498327665
t__SGB15885	0.260046605553502
t__SGB14745	0.973865090222219
t__SGB4794	0.169569353658454
t__SGB47635	0.192408841975786
t__SGB4861	0.0473209283946029
t__SGB17158_group	0.84530938652671
t__SGB4791	0.40642613953188
t__SGB19825	0.793185535965921
t__SGB63183	0.284115846739933
t__SGB15888	0.173652398878027
t__SGB19827_group	0.52755493200968
t__SGB15886	0.073524112658534
t__SGB15873	0.516146925269511
t__SGB59878	0.0133374345990321
t__SGB6307	0.368350132505328
t__SGB14116	0.449505807203647
t__SGB5729	0.269348541242776
t__SGB124	0.000880199747951214
t__SGB6973	0.893289176648918
t__SGB4891	0.115401945478265
t__SGB6344	0.277715871899331
t__SGB9199	0.135164306488527
t__SGB19443	0.269348541242776
t__SGB8772	0.498725782579833
t__SGB4368	0.984317258982992
t__SGB40892	0.472226302117652
t__SGB9343	0.361173341694987
t__SGB9153	0.0703800038955984
t__SGB15505	0.210761428758959
t__SGB59451	0.205802169049359
t__SGB98325	0.796176159770634
t__SGB9227	0.775315874764144
t__SGB54324	0.0901986779813757
t__SGB21587	0.130312465448716
t__SGB1614	0.726541601401418
t__SGB14739	0.792069409892225
t__SGB10208	0.449505807203647
t__SGB7970	0.0688281196739495
t__SGB82546	0.0139165753316204
t__SGB1797	0.928866519982777
t__SGB4146	0.881638729553228
t__SGB15195	0.498374127164078
t__SGB4704	0.0599299764331064
t__SGB2312	0.106225255403178
t__SGB5801	0.0268704664046957
t__SGB10119	0.178377637343254
t__SGB4708	0.0923051192572636
t__SGB2215	0.00725967443897461
t__SGB1615	0.150400867399724
t__SGB1662	0.604029069946672
t__SGB1810	0.821573255854485
t__SGB1666	0.325920158436735
t__SGB6038	1.28595203869302e-06
t__SGB9209	0.666034688250194
t__SGB8219	1.19562710499975e-07
t__SGB15097	0.715175702530636
t__SGB33581	0.838410017919088
t__SGB4965	0.635890558943705
t__SGB14988	0.628321923251108
t__SGB5268	1.27781967625819e-05
t__SGB6066	0.000120623746602015
t__SGB9208	0.111415131532413
t__SGB1889	0.11724574316963
t__SGB9247	0.927107016681665
t__SGB1670	0.0981796143597615
t__SGB6570	0.189161495622319
t__SGB14185	0.010128912294936
t__SGB63238	0.00894256174909167
t__SGB63306	0.588974386328378
t__SGB7061	0.00222014250328909
t__SGB7095	0.644431130308745
t__SGB5852	0.685672441687573
t__SGB5906	0.092155957186065
t__SGB7039	0.665297145973968
t__SGB14364	0.805426995223381
t__SGB15506	1.51920092082933e-05
t__SGB3945	0.665101893548079
t__SGB15891	0.260559956460673
t__SGB4739	0.394815111143798
t__SGB1525	6.52691919302717e-05
t__SGB15148	0.113428335728418
t__SGB4243	0.804570171578117
t__SGB1540	0.00180289041174967
t__SGB71397	1.72931649319299e-08
t__SGB5896	3.75812916745255e-08
t__SGB6040	0.238599135658904
t__SGB1560	3.83420857075556e-22
t__SGB5080	0.269348541242776
t__SGB3936	0.0573167830629493
t__SGB4873	0.97293122474341
t__SGB6820	0.00124036485708638
t__SGB4477	0.269348541242776
t__SGB1531	0.00176694177574602
t__SGB4474	0.227575232100855
t__SGB1483	0.114592147495588
t__SGB14784	4.27500881776783e-08
t__SGB3552	0.117917844722651
t__SGB80266	0.000452480818097973
t__SGB5868	0.786133123139338
t__SGB1484	0.114592147495588
t__SGB5888	0.000452480818097973
t__SGB21554	0.00108795702686441
t__SGB21589	0.0587080757482028
t__SGB3613	0.0268704664046957
t__SGB6652	8.18268118346566e-05
t__SGB80245	0.0132999129586503
t__SGB5898_group	3.10227346885048e-06
t__SGB14312	0.227575232100855
t__SGB1896	0.449505807203647
t__SGB1823	0.886554540180156
t__SGB2227	0.102718341887893
t__SGB1411	1.63625982499178e-06
t__SGB15355	0.0163108046207806
t__SGB9243	0.00340876924304571
t__SGB7979	0.188742982371705
t__SGB6629	4.74038127238073e-08
t__SGB53490	0.193872325738826
t__SGB1415	0.976477781855022
t__SGB57558	0.969323728912618
t__SGB13998	0.353624665215833
t__SGB2237	0.914678452065878
t__SGB6260	0.0471156320730607
t__SGB2121	0.0185954120636796
t__SGB15503	0.0651203621255358
t__SGB14384	0.0766990568550644
t__SGB6580	0.00792362822221864
t__SGB743	0.05856026893026
t__SGB15062	0.46422326646558
t__SGB7169	0.977130995293332
t__SGB2025	0.842647884047193
t__SGB6630	0.046814581703521
t__SGB14041	0.813650369668136
t__SGB14948	0.256577190627651
t__SGB5910	0.366593402807025
t__SGB14025	0.865016617259065
t__SGB4756	0.519407391031387
t__SGB12320	0.0221512953657538
t__SGB15353	0.0359932635991811
t__SGB8624	0.593591033322379
t__SGB1818	0.838410017919088
t__SGB5265	0.483895822955217
t__SGB72669	0.653904670858599
t__SGB5270	0.759867273682099
t__SGB24890	0.838410017919088
t__SGB47522	1.89550998365473e-06
t__SGB10118	0.507533530949108
t__SGB4939	0.577721265866925
t__SGB5870	0.108277280305881
t__SGB4675	0.522289581710664
t__SGB9197	0.838581159758918
t__SGB14264	0.227286360746042
t__SGB8597	0.155586094839051
t__SGB14843	0.0271396438711248
t__SGB95001	0.744363537379431
t__SGB14933	0.0461453765666098
t__SGB25539	0.0994009481948499
t__SGB106569	0.0299998795789887
t__SGB1507	0.105200064751279
t__SGB14023	0.705776573835772
t__SGB9269	0.270373926787424
t__SGB4604	0.422851973012949
t__SGB59528	0.667506122988746
t__SGB4111	0.117917844722651
t__SGB59852	0.133251666499777
t__EUK5476	0.115150355429496
t__SGB5735	0.0868838757878938
t__SGB29591	0.158593896544318
t__SGB14095	0.117917844722651
t__SGB2306	0.876125411794993
t__SGB6604	0.0360490665858902
t__SGB15218	0.695391923471808
t__SGB2088	0.886554540180156
t__SGB4948	0.598931240897262
t__SGB15040	0.189352472070965
t__SGB14905	0.10712836618523
t__SGB4143	0.971018381312271
t__SGB4898	0.00112158611477068
t__SGB15084	0.000192954955954269
t__SGB2240	0.448020549266891
t__SGB10028	3.64455620369385e-09
t__SGB6136	0.000308820711483453
t__SGB1688	0.684254568474772
t__SGB6838	0.886554540180156
t__SGB74356	0.450443959715302
t__SGB1702	0.422851973012949
t__SGB4920	0.366593402807025
t__SGB14196	0.216247499295818
t__SGB4402	0.516146925269511
t__SGB29331	0.00506342680501429
t__SGB10120	0.130441452103386
t__SGB15240	0.249202366560465
t__SGB9992	0.0138548865139491
t__SGB10005	0.117917844722651
t__SGB1687	0.167475382137869
t__SGB9295	0.36479299104274
t__SGB14947	0.731458861499262
t__SGB8773	0.170842049744712
t__SGB5115	0.00217578080872491
t__SGB1475	0.940715713451899
t__SGB1481	3.43600718768682e-05
t__SGB105821	0.355091176135268
t__SGB4317	0.77875351715362
t__SGB69175	0.499336649384322
t__SGB14873	0.361278869795006
t__SGB9463	0.886554540180156
t__SGB10127	0.580848748227577
t__SGB4271	0.821119874804974
t__SGB53806	0.0109824625820913
t__SGB1677	4.29929455464364e-05
t__SGB2021	0.852216518119896
t__SGB3321	0.0399331409432731
t__SGB4713	0.910260376662199
t__SGB72489	0.727480709522947
t__SGB6719	0.349970628007871
t__SGB1819	0.820177095235155
t__SGB71706	0.41849861338994
t__SGB58358	0.0366089829653304
t__SGB6726	0.367173319055025
t__SGB2019	0.534857755765199
t__SGB1517	0.313504035498728
t__SGB6701	0.812433132960108
t__SGB5302	0.117917844722651
t__SGB3980	0.491658720706634
t__SGB17823	0.117917844722651
t__SGB17045	0.269348541242776
t__SGB1977	2.29887157738354e-05
t__SGB6686_group	0.23758760277275
t__SGB29504	0.685403858918967
t__SGB1504	0.682349080517946
t__SGB1985	0.823949759072324
t__SGB5832	0.143137927263461
t__SGB2018	0.257505883882411
t__SGB1581	0.110506776166167
t__SGB29485	0.064701186673334
t__SGB1983	9.74084836834946e-07
t__SGB13956	0.840528373256026
t__SGB4050	0.0632904565964728
t__SGB72486	0.475574996379055
t__SGB4052	0.269348541242776
t__SGB4680	0.42050340855401
t__SGB17264	0.0836138853604348
t__SGB7041	0.00620785322564745
t__SGB6792	0.0588866877447014
t__SGB14375	0.265182205981141
t__SGB5738	0.75635091210695
t__SGB1803	0.158291283267132
t__SGB10139	0.0154961537103833
t__SGB38814	0.201163902385403
t__SGB33551	0.663941108520487
t__SGB5855	0.753627472774114
t__SGB14361	0.51864235408185
t__SGB16955	0.163533547849616
t__SGB9287	0.482009036716466
t__SGB95006	0.0299223074942012
t__SGB14869	0.384704706574151
t__SGB1690	0.565197692296014
t__SGB2310	0.0474183092223562
t__SGB72437	0.055363254770627
t__SGB4343	0.860916525163538
t__SGB4115	0.055363254770627
t__SGB58424	0.886554540180156
t__SGB14106	0.451383220259218
t__SGB14001	0.00171903097798434
t__SGB955	0.527654072904078
t__SGB14943	0.0563343149290746
t__SGB14955	0.72674327427679
t__SGB7843	0.42050340855401
t__SGB4710	0.00395354408532882
t__SGB14165	0.978437467741531
t__SGB5849	0.451383220259218
t__SGB4709	0.00802371156942908
t__SGB3994	0.0826237921501048
t__SGB86230	0.296237850388032
t__SGB15292	0.138250137993722
t__SGB1788	0.493252995798534
t__SGB1938	0.883004095501046
t__SGB6927_group	0.465580806825121
t__SGB4482	7.48811702497385e-06
t__SGB15887	0.565946613612369
t__SGB17008	0.100767092631823
t__SGB4350	0.501037043831384
t__SGB5746	0.058856192224862
t__SGB33571	0.0132999129586503
t__SGB57575	0.840528373256026
t__SGB14765	0.368999197368783
t__SGB14795	0.119506241980691
t__SGB5853	0.648971100623799
t__SGB4040	0.497194126963667
t__SGB8216	0.00439308305909238
t__SGB4950	0.991054030439031
t__SGB3924	0.125601378189035
t__SGB4196	0.870731044415503
t__SGB6343	0.170277445332736
t__SGB15270	0.823949759072324
t__SGB6288	0.284115846739933
t__SGB6419	0.114592147495588
t__SGB4173	0.910200762021511
t__SGB6489	0.055363254770627
t__SGB6142	0.296586595606818
t__SGB8780	0.338982447110598
t__SGB14107	0.055363254770627
t__SGB4695	0.886554540180156
t__SGB14111	0.0584127713044312
t__SGB1979	0.000136366630427444
t__SGB1787	0.0689210294462893
t__SGB2092	0.449505807203647
t__SGB1833	0.0623641657115058
t__SGB9242	0.0202924515917418
t__SGB77498	8.75769223018971e-06
t__SGB2105	0.886554540180156
t__SGB19431	2.73079858402061e-07
t__SGB2126	0.710016933400226
t__SGB2124	0.907762485597645
t__SGB9947	8.68643009690012e-05
t__SGB48242	0.422068265934064
t__SGB6272	0.414389569484177
t__SGB2143	0.115430260262863
t__SGB4473	0.0153764332932617
t__SGB27742	0.483804855939804
t__SGB48267	0.906137449249323
t__SGB33590	0.822062912845033
t__SGB2093	0.269348541242776
t__SGB15003	0.00873733361949938
t__SGB14804	0.000560765626729537
t__SGB14389	0.58084933906372
t__SGB14840	0.866968457501326
t__SGB9434_group	1.04643827024042e-11
t__SGB15488	0.970562902137446
t__SGB14039	0.127768839220556
t__SGB14767	0.90265764136102
t__SGB9214	0.359757517176545
t__SGB5873	0.0132999129586503
t__SGB14768	0.160418779897909
t__SGB94363	0.503542166070099
t__SGB13975	0.227575232100855
t__SGB1595	0.450443959715302
t__SGB37377	0.269348541242776
t__SGB4400	0.873262022260568
t__SGB7231	0.269348541242776
t__SGB15001	0.106900649287331
t__SGB14755	0.886554540180156
t__SGB6483	0.00792362822221864
t__SGB6617	0.49795662352007
t__SGB63309	0.611316383158607
t__SGB54323	0.173584570371441
t__SGB63312	0.823949759072324
t__SGB47113	0.191719275113437
t__SGB17279	0.174163076576887
t__SGB15173	0.888067200644071
t__SGB54317	0.0268704664046957
t__SGB14203	0.519193789017802
t__SGB2100	0.269348541242776
t__SGB14339	0.365438142773832
t__SGB12676	0.440427782757428
t__SGB4079	0.00239952930409729
t__SGB2132	0.161866741064435
t__SGB14368	0.669769949646521
t__SGB5286	0.266878339248401
t__SGB4674	0.688918953486386
t__SGB4139	0.241176369018989
t__SGB63217	0.660445717073507
t__SGB4316	0.110315162819032
t__SGB4385	0.269348541242776
t__SGB20700	0.0429668184159232
t__SGB9284	0.269348541242776
t__SGB5858	0.715564279509125
t__SGB6833	0.530583703094652
t__SGB7121_group	0.450758160795655
t__SGB25278	0.838410017919088
t__SGB54310	0.284700759991446
t__SGB2238	0.000257458857007186
t__SGB37397	0.565946613612369
t__SGB7981	0.170559572507838
t__SGB10113	0.748832903856887
t__SGB14930	0.173777246018231
t__SGB7044	0.363987503471513
t__SGB9223	0.50703407909209
t__SGB7852	0.570594109500598
t__SGB2094	0.0703572108949177
t__SGB7127	0.495603066071438
t__SGB9303	0.162531918275215
t__SGB5903	0.422068265934064
t__SGB4372	0.907762485597645
t__SGB1980	7.75327066473933e-15
t__SGB14202	0.0479371111315479
t__SGB4145	0.0501391826192539
t__SGB5861	0.158593896544318
t__SGB1898	0.0268704664046957
t__SGB13955	0.269348541242776
t__SGB8631	0.0409461312134913
t__SGB6411	0.498725782579833
t__SGB14297	0.300440916357271
t__SGB6818	0.747764615843726
t__SGB8138	0.929412666528958
t__SGB14019	0.501808723549559
t__SGB2169	0.839469050222749
t__SGB2154	0.686852975332971
t__SGB6155	0.00108795702686441
t__SGB66172	0.661566628791902
t__SGB1789	0.746108324634425
t__SGB14780	0.374430416130718
t__SGB5749	0.055363254770627
t__SGB2218	0.055363254770627
t__SGB4793	0.633741091555908
t__SGB14113	0.0870567721065992
t__SGB4681	0.49795662352007
t__SGB8419	0.269348541242776
t__SGB4038	0.142770992511933
t__SGB1954	0.117917844722651
t__SGB10333	0.000452480818097973
t__SGB1974	0.0048752269913424
t__SGB4530	0.258798846837579
t__SGB58550	0.0259997612657302
t__SGB47415	0.970045180229578
t__SGB4592	0.0897992573677486
t__SGB1410	0.0132999129586503
t__SGB15189	0.117917844722651
t__SGB14350	0.86525347596635
t__SGB14789	0.871544782602188
t__SGB5050	0.0999442143452835
t__SGB10132	0.081413159293275
t__SGB7114	0.279316281543692
t__SGB81752	0.992465301022059
t__SGB54294	0.803713582616638
t__SGB10147	0.299386442227021
t__SGB14238	0.235812429859727
t__SGB13950	0.228097722873758
t__SGB8771	0.685403858918967
t__SGB79925	0.269348541242776
t__SGB15194	0.0132999129586503
t__SGB35786	0.450443959715302
t__SGB1466	0.269348541242776
t__SGB14372	0.525860902933059
t__SGB73104	0.269348541242776
t__SGB47659	0.891068188867101
t__SGB9210	0.726154548859123
t__SGB66051	0.0587080757482028
t__SGB9196	0.886554540180156
t__SGB14331	0.823949759072324
t__SGB1596	0.269348541242776
t__SGB6169	0.738051875262615
t__SGB19334	0.226532810813193
t__SGB3542	0.286111493355021
t__SGB19749	0.269348541242776
t__SGB1370	0.269348541242776
t__SGB4274	0.0499548186092858
t__SGB2212	0.720863335769047
t__SGB6013	2.97808251755177e-07
t__SGB4887	0.838410017919088
t__SGB19315	0.000157116369884115
t__SGB8030	0.454580028281806
t__SGB5234	0.66627869324833
t__SGB8775	0.117917844722651
t__SGB8774	0.151231828168861
t__SGB10079	0.574632084368403
t__SGB9731	0.31767863255001
t__SGB19351_group	0.286281439730877
t__SGB14016	0.823006208039723
t__SGB19337	0.509149764019233
t__SGB6067	0.0153919042286081
t__SGB4870	0.164790491981999
t__SGB28982	0.00753689984230323
t__SGB6392	0.360761287948416
t__SGB19849	0.749717299959759
t__SGB59818	0.11487098471019
t__SGB7050	0.370836936853564
t__SGB14123	0.00112497569402639
t__SGB63347	0.805426995223381
t__SGB19790	0.686912967563937
t__SGB14882	0.269348541242776
t__SGB14881	0.269348541242776
t__SGB4432	0.269348541242776
t__SGB14811	0.684412594195287
t__SGB1671	0.866055088223654
t__SGB6036_group	0.055404320209107
t__SGB105987	0.366593402807025
t__SGB14792	0.063992611486037
t__SGB1673	0.70901898328131
t__SGB9278	0.68655387780093
t__SGB8655	0.104500544001634
t__SGB1612	0.366593402807025
t__SGB6508	0.0863508072675626
t__SGB6547	0.366593402807025
t__SGB14227	0.750368551999005
t__SGB6309	0.366593402807025
t__SGB6267	0.823006208039723
t__SGB6263	0.0165440078746186
t__SGB6360	0.979426063390302
t__SGB4752	0.787369648143897
t__SGB4526	0.269348541242776
t__SGB6170	0.357492470835895
t__SGB29381	0.21254733993446
t__SGB66053	0.888067200644071
t__SGB79690	0.269348541242776
t__SGB28525	0.00666874971620776
t__SGB1685	0.685403858918967
t__SGB23982	0.566696011026944
t__SGB15349	0.138096678633861
t__SGB15872	0.415952180055002
t__SGB33555	0.0476722120702649
t__SGB6541	0.234994866990238
t__SGB13965	0.201163902385403
t__SGB4994	0.419258456093611
t__SGB4586	0.749066226300125
t__SGB6321	0.0338356598695161
t__SGB109036	0.805426995223381
t__SGB105989	0.49795662352007
t__SGB3685	0.366593402807025
t__SGB7122	0.478070724476123
t__SGB5239	0.225261381801732
t__SGB7996	0.56081212714659
t__SGB10141	0.642242901439804
t__SGB27586	0.886554540180156
t__SGB5863	0.360046795036853
t__SGB7807	0.366593402807025
t__SGB1022	0.201163902385403
t__SGB4444	0.34072036199031
t__SGB9301	0.380955656534068
t__SGB17302	0.717929518238965
t__SGB6439	0.201163902385403
t__SGB72433	0.201163902385403
t__SGB8653	0.162865279244514
t__SGB15036	0.914266424898807
t__SGB4122	0.911013709963717
t__SGB14208	0.927615327484312
t__SGB14388	0.888067200644071
t__SGB4479	0.62111399383419
t__SGB5881	0.669769949646521
t__SGB13987	0.341591455810488
t__SGB15122	0.886554540180156
t__SGB14786	0.318451151361264
t__SGB13990	0.31536091151281
t__SGB4152	0.00879345154170532
t__SGB15177	0.50026599335124
t__SGB15874	0.0254867738457446
t__SGB14949	0.0745166407306424
t__SGB17305	0.973211960032766
t__SGB59916	0.361616524719438
t__SGB7788	0.0222355146530976
t__SGB2052	0.34072036199031
t__SGB4168	0.201163902385403
t__SGB4799	0.287972146296712
t__SGB2305	0.31767863255001
t__SGB15136	0.886554540180156
t__SGB14108	0.888067200644071
t__SGB2145	0.908575148995054
t__SGB14942	0.978704339412995
t__SGB42906	0.684254568474772
t__SGB63096	0.238891520960123
t__SGB1704	0.886554540180156
t__SGB35692	0.886554540180156
t__SGB5817	0.21384376481598
t__SGB14321	0.462422121487182
t__SGB14189	0.159808730273778
t__SGB8235_group	0.922758219826925
t__SGB106351	0.163533547849616
t__SGB15894	0.319540827722565
t__SGB69261	0.568196231683449
t__SGB53443	0.566696011026944
t__SGB4698	0.564449247692755
t__SGB15100	0.265318302523653
t__SGB9206	0.254971850261805
t__SGB1799	0.820177095235155
t__SGB4142	0.517978313999626
t__SGB10398	0.977982632867764
t__SGB13165	0.192069819651988
t__SGB9256	0.0686426088697986
t__SGB14150	0.0145761636078685
t__SGB6648	0.000246826688822145
t__SGB19690	0.888067200644071
t__SGB13957	0.424600030079164
t__SGB6728	0.520171643002155
t__SGB6256	0.49795662352007
t__SGB1806	0.0132999129586503
t__SGB4860	0.345681342026403
t__SGB1667	0.683862160597448
t__SGB101628	0.055363254770627
t__SGB97147	0.157191917303034
t__SGB6550	0.839469050222749
t__SGB47368	0.269348541242776
t__SGB8648	0.05856026893026
t__SGB20815	0.228097722873758
t__SGB6297	0.422851973012949
t__SGB27758	0.886554540180156
t__SGB1781	0.300902095786353
t__SGB54309	0.115710699819241
t__SGB63220	0.580226198262693
t__SGB14849	0.125063211131945
t__SGB14855	0.055363254770627
t__SGB15469	0.983803912796129
t__SGB14373	0.692801676181177
t__SGB4175	0.667674333637208
t__SGB6671	0.0770764699326323
t__SGB58537	0.239215957764899
t__SGB14256	0.117917844722651
t__SGB14758	0.449505807203647
t__SGB106149	0.058265582404333
t__SGB4684	0.117917844722651
t__SGB81674	0.517978313999626
t__SGB6645	0.00850322808240551
t__SGB1701	0.738347820822448
t__SGB2083	0.68655387780093
t__SGB17364	0.806284052566259
t__SGB2149	0.269348541242776
t__SGB1943	0.112073356475293
t__SGB15462	0.435806220486587
t__SGB6753	0.301145272669908
t__SGB14246	0.0584127713044312
t__SGB5969	0.806284052566259
t__SGB14390	0.449505807203647
t__SGB711	0.349973146123058
t__SGB59850	0.055363254770627
t__SGB2131	0.806284052566259
t__SGB4682	0.409285805443447
t__SGB4494_group	0.650561230133691
t__SGB48023	0.422851973012949
t__SGB15478	0.118877948428593
t__SGB4995	0.515442477984564
t__SGB4591	0.255773645274323
t__SGB4690	0.117917844722651
t__SGB14989	0.807141342619734
t__SGB4668	0.517978313999626
t__SGB6716	0.700156459129462
t__SGB2300	0.449207133071629
t__SGB6253	0.00337445769491427
t__SGB29342	0.0425041183184931
t__SGB4797	0.463572872615235
t__SGB10114	0.304983712641066
t__SGB1792	0.332016426964121
t__SGB8022	0.724872492337198
t__SGB747	0.00210474456684921
t__SGB94922	0.269348541242776
t__SGB54319	0.798521734809139
t__SGB1973	1.95754374408687e-06
t__SGB14166	0.170713562298542
t__SGB4743	0.0438530723073154
t__SGB957	0.00171903097798434
t__SGB4051	0.191189643383942
t__SGB71664	0.888067200644071
t__SGB15169	0.115150355429496
t__SGB8782	0.226532810813193
t__SGB19820	0.149385188538541
t__SGB5805	3.24173577500995e-05
t__SGB1464	3.36115312490277e-07
t__SGB4312	0.42050340855401
t__SGB987	0.00603771850159676
t__SGB3589	0.0132999129586503
t__SGB2047	0.450443959715302
t__SGB3995	0.636428406242341
t__SGB106571	0.117917844722651
t__SGB65958	0.564449247692755
t__SGB7900	0.269348541242776
t__SGB54312	0.341155730893269
t__SGB71784	0.499495572728413
t__SGB4859	0.59883970616156
t__SGB1840	0.200609108517716
t__SGB7987	0.906425349507472
t__SGB19793_group	0.750368551999005
t__SGB5790	0.263877459428051
t__SGB33554	0.382071322475275
t__SGB48231	0.201163902385403
t__SGB62963	0.42050340855401
t__SGB13959	0.685403858918967
t__SGB40949	0.254971850261805
t__SGB47403	0.773846372124178
t__SGB15352	0.055363254770627
t__SGB15386	0.173970081399784
t__SGB2285	0.0268704664046957
t__SGB1914	0.117917844722651
t__SGB72064	0.117917844722651
t__SGB15380	0.516651554248332
t__SGB4697	0.2261276466314
t__SGB85558	0.449505807203647
t__SGB1502	0.338982447110598
t__SGB6463	0.0476210009882771
t__SGB19413	0.284115846739933
t__SGB5112	0.286611881233857
t__SGB14081	0.451383220259218
t__SGB3664	0.0637578485341724
t__SGB5103	0.450443959715302
t__EUK944036	0.964993407508743
t__SGB6417	0.285112489239757
t__SGB27789	0.201163902385403
t__SGB19689	0.888067200644071
t__SGB5745	0.117917844722651
t__SGB997	0.269348541242776
t__SGB14044	0.517978313999626
t__SGB5878	0.117917844722651
t__SGB5884	0.102613969148848
t__SGB14757	0.0879457712334811
t__SGB86220	0.117917844722651
t__SGB86218	0.974518237936865
t__SGB69135	0.751019981986376
t__SGB14394	0.817304769825057
t__SGB40236	0.379841993246026
t__SGB14240	0.499495572728413
t__SGB1604	0.101967935717743
t__SGB72681	0.749717299959759
t__SGB14235	0.975824584190995
t__SGB6311	0.886554540180156
t__SGB9293	0.859309239856511
t__SGB2162	0.366593402807025
t__SGB4060	0.751341403071921
t__SGB8672	0.565197692296014
t__SGB15450	0.732049028099253
t__SGB5119	0.11724574316963
t__SGB6388	0.685403858918967
t__SGB1847	0.115814797186825
t__SGB6420	0.212859401467003
t__SGB2023	0.0438009647982441
t__SGB1580	0.114592147495588
t__SGB3606	0.058265582404333
t__SGB2057	0.00216064334128942
t__SGB4881	0.667674333637208
t__SGB1802	0.269903698950078
t__SGB26729	0.366593402807025
t__SGB15285	0.776786182461555
t__SGB9323	0.366593402807025
t__SGB1675	0.956240341349342
t__SGB1005	0.201163902385403
t__SGB8617	0.201163902385403
t__SGB8643	0.11724574316963
t__SGB6615	0.450443959715302
t__SGB8589	0.0703572108949177
t__SGB6301	0.11724574316963
t__SGB14398	0.366593402807025
t__SGB1465	0.117917844722651
t__SGB5886	0.117917844722651
t__SGB4498	0.888067200644071
t__SGB6492	0.684254568474772
t__SGB15190	0.803713582616638
t__SGB9265	0.201163902385403
t__SGB14316	0.421285410944638
t__SGB4450	0.0703572108949177
t__SGB8622	0.201163902385403
t__SGB53440	0.11724574316963
t__SGB14327	0.775315874764144
t__SGB6331	0.260046605553502
t__SGB2134	0.11724574316963
t__SGB72777	0.489038889189625
t__SGB4263	0.567445883923301
t__SGB1990_group	0.88716399224843
t__SGB3324	0.910200762021511
t__SGB5300	0.36086385067415
t__SGB7884	0.822062912845033
t__SGB1505	0.226532810813193
t__SGB2085	0.942003612228817
t__SGB10133	0.601778317117782
t__SGB13995	0.777521636652283
t__SGB4137	0.318608839213306
t__SGB17148	0.440252757711466
t__SGB6548	0.422068265934064
t__SGB5054	0.0513862723028197
t__SGB4888	0.539842445833194
t__SGB6491	0.11487098471019
t__SGB4112	0.886554540180156
t__SGB5741	0.911826751066852
t__SGB101145	0.351187651990732
t__SGB7963	0.450443959715302
t__SGB29519	0.451383220259218
t__SGB29501	0.0132999129586503
t__SGB6670	0.00337445769491427
t__SGB17174	0.888067200644071
t__SGB9634	0.996840248820802
t__SGB15281	0.0353249007918563
t__SGB19444	0.886554540180156
t__SGB5728	0.42050340855401
t__SGB2141	0.360126058077227
t__SGB2156	0.888067200644071
t__SGB9385	0.179432163529527
t__SGB7115	0.324103908898368
t__SGB14298	0.839469050222749
t__SGB14080	0.366593402807025
t__SGB5101	0.685403858918967
t__SGB19694	0.979743998032752
t__SGB77361	0.684254568474772
t__SGB14875	0.513342376125285
t__SGB4759	0.230494632164158
t__SGB5794	0.228097722873758
t__SGB106059	0.055363254770627
t__SGB14045	0.501037043831384
t__SGB9359	0.201163902385403
t__SGB6748	0.80114523368394
t__SGB5851	0.44279685008417
t__SGB6769	0.835216989481974
t__SGB43557	0.886554540180156
t__SGB41482	0.269348541242776
t__SGB92816	0.888067200644071
t__SGB1961	0.269348541242776
t__SGB1774	0.684254568474772
t__SGB4330	0.421285410944638
t__SGB1315	0.451383220259218
t__SGB69312	0.886554540180156
t__SGB1539	0.838410017919088
t__SGB4252	0.80114523368394
t__SGB1937	0.778498283099151
t__SGB6961	0.124974892261831
t__SGB6583	0.269348541242776
t__SGB33569	0.822062912845033
t__SGB47641	0.11724574316963
t__SGB6055	0.253373507780349
t__SGB7056	0.269348541242776
t__SGB6669	0.0473172356819759
t__SGB19322_group	0.380398574490469
t__SGB47582	0.201163902385403
t__SGB4321	0.366593402807025
t__SGB4325	0.269348541242776
t__SGB2289	0.806284052566259
t__SGB14021	0.227053594893417
t__SGB1850	0.192251514902529
t__SGB19893_group	0.163934310476952
t__SGB19887	0.302557282343678
t__SGB13968	0.451383220259218
t__SGB15104	0.886554540180156
t__SGB3675	0.523725547050482
t__SGB6451	0.685403858918967
t__SGB5287	0.568926082967044
t__SGB40190	0.9093879080841
t__SGB12328	0.366593402807025
t__SGB29646	0.342027536711529
t__SGB7076	0.261588760518802
t__SGB4549	0.612069167668436
t__SGB41268	0.269348541242776
t__SGB82695	0.269348541242776
t__SGB2072	0.269348541242776
t__SGB1407	0.117917844722651
t__SGB2108	0.823006208039723
t__SGB102224	0.0703572108949177
t__SGB48293	0.115150355429496
t__SGB3665	0.159200436657255
t__SGB960	0.117917844722651
t__SGB4034	0.0766158262983989
t__SGB5840	0.000577531363423587
t__SGB42843	0.752839588768978
t__SGB5100	0.269348541242776
t__SGB9338	0.269348541242776
t__SGB4202	0.269348541242776
t__SGB1887	0.1323032350782
t__SGB14859	0.587908032376688
t__SGB1964	0.823006208039723
t__SGB6476	0.805426995223381
t__SGB8595	0.00666874971620776
t__SGB4919	0.499495572728413
t__SGB13992	0.886554540180156
t__SGB2146	0.269348541242776
t__SGB40361	0.117917844722651
t__SGB40321	0.269348541242776
t__SGB5086	0.888067200644071
t__SGB10050	0.269348541242776
t__SGB4242	0.269348541242776
t__SGB6501	0.888067200644071
t__SGB4228	0.840528373256026
t__SGB6468	0.05856026893026
t__SGB53574	0.33811562650732
t__SGB63777	0.269348541242776
t__SGB1966	0.269348541242776
t__SGB2069	0.269348541242776
t__SGB6393	0.888067200644071
t__SGB4245	0.366593402807025
t__SGB8596	0.366593402807025
t__SGB8651	0.366593402807025
t__SGB20534	0.366593402807025
t__SGB4986	0.201163902385403
t__SGB4929	0.501808723549559
t__SGB4923	0.366593402807025
t__SGB8619	0.449505807203647
t__SGB53822	0.422068265934064
t__SGB15133	0.802001112685496
t__SGB44478	0.366593402807025
t__SGB105952	0.567445883923301
t__SGB14079	0.269348541242776
t__SGB4539	0.269348541242776
t__SGB1769	0.421285410944638
t__SGB991	0.240845173446017
t__SGB4967	0.742926822150127
t__SGB17345	0.366593402807025
t__SGB15014	0.366593402807025
t__SGB17348	0.0429668184159232
t__SGB72886	0.366593402807025
t__SGB1303	0.775315874764144
t__SGB1950	0.822183474185176
t__SGB66626	0.11183810770927
t__SGB95258	0.117917844722651
t__SGB48104	0.117917844722651
t__SGB15276	0.93061109319701
t__SGB9251	0.117917844722651
t__SGB19125	0.269348541242776
t__SGB104875	0.449505807203647
t__SGB6349	0.269348541242776
t__SGB4103	0.888067200644071
t__SGB9954	0.0153513006577987
t__SGB35935	0.269348541242776
t__SGB15440	0.055363254770627
t__SGB47944	0.685403858918967
t__SGB3972	0.449505807203647
t__SGB61014	0.269348541242776
t__SGB1590	0.161866741064435
t__SGB1880	0.68655387780093
t__SGB106198	0.684254568474772
t__SGB6041	0.400676545505161
t__SGB105301	0.201163902385403
t__SGB53888	0.886554540180156
t__SGB6131	0.522933520588985
t__SGB17309	0.888067200644071
t__SGB106379	0.366593402807025
t__SGB10108	0.824446222330002
t__SGB105860	0.269348541242776
t__SGB29350	0.269348541242776
t__SGB2293	0.708288668387955
t__SGB10090	0.507456846233908
t__SGB4254	0.269348541242776
t__SGB2284	0.524701183311303
t__SGB9337	0.269348541242776
t__SGB70357	0.159808730273778
t__SGB21441	0.269348541242776
t__SGB47079	0.055363254770627
t__SGB3607	0.117917844722651
t__SGB17521	0.00183138630732533
t__SGB28985	3.95136485919886e-05
t__SGB7282	0.773111924253232
t__SGB57592	0.684254568474772
t__SGB5196	0.807998864395954
t__SGB35895	0.366593402807025
t__SGB8621	0.366593402807025
t__SGB4229	0.366593402807025
t__SGB15176	0.366593402807025
t__SGB6050	0.479194158274563
t__SGB6079	0.0635237974150728
t__SGB6734	0.158291283267132
t__SGB1958	0.888067200644071
t__SGB2174	0.366593402807025
t__SGB4589	0.888067200644071
t__SGB71956	0.302596212439309
t__SGB4451	0.888067200644071
t__SGB29506	0.68655387780093
t__SGB33559	0.157989107423434
t__SGB9649	0.794484622294475
t__SGB6699	0.261074008049179
t__SGB54315	0.888067200644071
t__SGB19692	0.42050340855401
t__SGB1676	0.558473958408808
t__SGB14088	0.228097722873758
t__SGB9311	0.201163902385403
t__SGB6407	0.840528373256026
t__SGB4391	0.685403858918967
t__SGB6427	0.670469060996239
t__SGB8629	0.11724574316963
t__SGB10131	0.853276495024911
t__SGB1473	0.888067200644071
t__SGB5902	0.0429668184159232
t__SGB20152	0.451383220259218
t__SGB8609	0.0877673881253193
t__SGB8671	0.201163902385403
t__SGB8618	0.366593402807025
t__SGB20294	0.366593402807025
t__SGB17243	0.376514489954761
t__SGB10135	0.188243542366476
t__SGB7059	0.366593402807025
t__SGB72492	0.048114396836893
t__SGB27424	0.13295139183114
t__SGB1478	0.366593402807025
t__SGB9313	0.366593402807025
t__SGB14197	0.886554540180156
t__SGB4903	0.366593402807025
t__SGB10172	0.366593402807025
t__SGB6488	0.201163902385403
t__SGB20850	0.841587985153253
t__SGB1692	0.366593402807025
t__SGB26904	0.11724574316963
t__SGB14762	0.886554540180156
t__SGB4371	0.366593402807025
t__SGB9222	0.158896947569634
t__SGB6521	0.842647884047193
t__SGB26919	0.115150355429496
t__SGB3546	0.160418779897909
t__SGB1016	0.839469050222749
t__SGB21098	0.0132999129586503
t__SGB1476	0.842647884047193
t__SGB8590	0.0132999129586503
t__SGB14062	0.117917844722651
t__SGB8616	0.117917844722651
t__SGB13986	0.0268704664046957
t__SGB19434	0.055363254770627
t__SGB6922	0.157791483715794
t__SGB6494	0.0132999129586503
t__SGB4374	0.055363254770627
t__SGB19688	0.055363254770627
t__SGB21081	0.055363254770627
t__SGB6466	0.0268704664046957
t__SGB8593	0.055363254770627
t__SGB20876	0.055363254770627
t__SGB14084	0.0132999129586503
t__SGB7081	0.0132999129586503
t__SGB14300	0.00337445769491427
t__SGB5114	0.117917844722651
t__SGB4282	0.117917844722651
t__SGB14082	0.117917844722651
t__SGB1488	0.838410017919088
t__SGB8776	0.269348541242776
t__SGB66735	0.00666874971620776
t__SGB1547	0.0132999129586503
t__SGB6537	0.00203833110303464
t__SGB1533	0.50026599335124
t__SGB6019	0.31767863255001
t__SGB1664	0.729689316099304
t__SGB58199	0.912302559569939
t__SGB10111	0.226532810813193
t__SGB10013	0.269348541242776
t__SGB7048	0.449505807203647
t__SGB7094	0.269348541242776
t__SGB7090	0.56559703567517
t__SGB7930	0.522126953559624
t__SGB15468	0.269348541242776
t__SGB9955	0.727921209014421
t__SGB84922	0.117917844722651
t__SGB10047	0.773111924253232
t__SGB74156	0.524111622575785
t__SGB31141	0.114592147495588
t__SGB23239	0.449505807203647
t__SGB17319	0.269348541242776
t__SGB4407	0.269348541242776
t__SGB1863	0.886554540180156
t__SGB8065	0.449505807203647
t__SGB4383	0.117917844722651
t__SGB6926	0.501037043831384
t__SGB10110	0.227053594893417
t__SGB5108	0.269348541242776
t__SGB12453	0.269348541242776
t__SGB9733	0.482441616859024
t__SGB714	0.947484577935414
t__SGB5285	0.725565985166205
t__SGB1543	0.33811562650732
t__SGB26808	0.366593402807025
t__SGB7284	0.822062912845033
t__SGB698	0.383188989970986
t__SGB1552	0.256209983122084
t__SGB96486	0.565946613612369
t__SGB1564	0.978437467741531
t__SGB17563	0.670469060996239
t__SGB14899	0.0293256029542683
t__SGB5789	0.0630578245469509
t__SGB1541	0.0297676804938763
t__SGB9953	0.117917844722651
t__SGB44267_group	0.684254568474772
t__SGB6654	0.00666874971620776
t__SGB25061	0.117917844722651
t__SGB1455	0.114592147495588
t__SGB59732	0.185086930662357
t__SGB26726	0.886554540180156
t__SGB5740	0.252844503010722
t__SGB1545	0.382629906098219
t__SGB13954	0.565197692296014
t__SGB9946	0.269348541242776
t__SGB4493	0.189657760358917
t__SGB4472	0.144192127355046
t__SGB29068	0.117917844722651
t__SGB77721	0.0301555424311918
t__SGB10057	0.11724574316963
t__SGB23242	0.743334785675558
t__SGB10107	0.17435623161026
t__SGB4032	0.518820898138693
t__SGB9430	0.51864235408185
t__SGB10256	0.201163902385403
t__SGB1520	0.498725782579833
t__SGB1528	0.0637578485341724
t__SGB38386	0.449505807203647
t__SGB6970	0.886554540180156
t__SGB385	0.839469050222749
t__SGB4968	0.824893564625005
t__SGB10058	0.684254568474772
t__SGB7025	0.772377679508552
t__SGB6044	0.0136595995395571
t__SGB14927	0.116660835338354
t__SGB3602	0.117917844722651
t__SGB1467	0.117917844722651
t__SGB6070	0.055363254770627
t__SGB5894	0.117917844722651
t__SGB15903	0.465554458416194
t__SGB10251	0.42050340855401
t__SGB53576	0.201163902385403
t__SGB7308	0.0268704664046957
t__SGB69305	0.00414624292269623
t__SGB1468	0.318143513149869
t__SGB1772	0.11724574316963
t__SGB7927	0.450443959715302
t__SGB7957	0.566696011026944
t__SGB4082	0.516651554248332
t__SGB5880	0.669769949646521
t__SGB4618	0.11724574316963
t__SGB8054	0.592183671113322
t__SGB1558	0.117917844722651
t__SGB9993	0.684254568474772
t__SGB2043	0.236612968905181
t__SGB30598	0.269348541242776
t__SGB5283	0.162277802141897
t__SGB362	0.228097722873758
t__SGB71704	0.405860576103492
t__SGB19398	0.366593402807025
t__SGB65129	0.685403858918967
t__SGB38353	0.269348541242776
t__SGB15482	0.366593402807025
t__SGB4253	0.117917844722651
t__SGB15282	0.227053594893417
t__SGB31074	0.498725782579833
t__SGB1522	0.888067200644071
t__SGB2053	0.684254568474772
t__SGB984	0.366593402807025
t__SGB1532	0.227053594893417
t__SGB22210	0.201163902385403
t__SGB9467_group	0.480882007532014
t__SGB74488	0.257787519228233
t__SGB4528	0.515988835389301
t__SGB2020	0.684254568474772
t__SGB6025	0.366593402807025
t__SGB10144	0.201163902385403
t__SGB47248	0.201163902385403
t__SGB5997	0.0152703762913755
t__SGB4490	0.366593402807025
t__SGB14378	0.055363254770627
t__SGB15485	0.49795662352007
t__SGB66596	0.481445342644288
t__SGB1951	0.350541407579865
t__SGB10233	0.115710699819241
t__SGB69380	0.886554540180156
t__SGB7965	0.449505807203647
t__SGB2138	0.366593402807025
t__SGB6292	0.262104214067535
t__SGB31132	0.366593402807025
t__SGB12104	0.00413500721213671
t__SGB5846	0.499495572728413
t__SGB10145	0.269348541242776
t__SGB23251	0.501037043831384
t__SGB1623	0.0703572108949177
t__SGB14872	0.227053594893417
t__SGB2095	0.366593402807025
t__SGB29394	0.117917844722651
t__SGB1586	0.517978313999626
t__SGB8017	0.366593402807025
t__SGB16987	0.144675624681083
t__SGB19376	0.269348541242776
t__SGB3673	0.672568105710717
t__SGB9447	0.50026599335124
t__SGB380	0.422851973012949
t__SGB45159	0.886554540180156
t__SGB76476	0.684254568474772
t__SGB2089	0.888067200644071
t__SGB7118	0.684254568474772
t__SGB12924	0.915079830201193
t__SGB15876	0.109741897234715
t__SGB3918	0.11724574316963
t__SGB2164	0.685403858918967
t__SGB17203	0.684254568474772
t__SGB2067	0.886554540180156
t__SGB12108	0.11724574316963
t__SGB5909	0.820177095235155
t__SGB74332	0.366593402807025
t__SGB27587	0.886554540180156
t__SGB9279	0.201163902385403
t__SGB10002	0.451383220259218
t__SGB8245	0.366593402807025
t__SGB9294	0.840528373256026
t__SGB69981	0.366593402807025
t__SGB105726	0.684254568474772
t__SGB53890	0.261074008049179
t__SGB17232	0.201163902385403
t__SGB8598	0.201163902385403
t__SGB101995	0.366593402807025
t__SGB1037	0.11724574316963
t__SGB30366	0.366593402807025
t__SGB23240	0.823949759072324
t__SGB17196	0.450443959715302
t__SGB107006	0.269348541242776
t__SGB37973	0.117917844722651
t__SGB65944	0.269348541242776
t__SGB63087	0.450443959715302
t__SGB47238	0.886554540180156
t__SGB14748	0.451383220259218
t__SGB14393	0.269348541242776
t__SGB372	0.886554540180156
t__SGB697	0.269348541242776
t__SGB5205	0.117917844722651
t__SGB15312	0.366593402807025
t__SGB10126	0.422851973012949
t__SGB4304	0.823949759072324
t__SGB19838	0.970045180229578
t__SGB9289	0.112243147352534
t__SGB25438	0.201163902385403
t__SGB2075	0.888067200644071
t__SGB26989	0.366593402807025
t__SGB102330	0.269348541242776
t__SGB14747	0.775315874764144
t__SGB74322	0.269348541242776
t__SGB48227	0.366593402807025
t__SGB70926	0.366593402807025
t__SGB15495	0.451383220259218
t__SGB70276	0.269348541242776
t__SGB1485	0.117917844722651
t__SGB63885	0.886554540180156
t__SGB63912	0.366593402807025
t__SGB9997	0.366593402807025
t__SGB6300	0.366593402807025
t__SGB4976	0.201163902385403
t__SGB9422	0.888067200644071
t__SGB27780	0.366593402807025
t__SGB70279	0.366593402807025
t__SGB2153	0.348357955842679
t__SGB7989	0.111083193727426
t__SGB10036	0.269348541242776
t__SGB7200	0.822062912845033
t__SGB39153	0.269348541242776
t__SGB65924	0.520637110269512
t__SGB5887	0.269348541242776
t__SGB19347	0.269348541242776
t__SGB63344	0.0703572108949177
t__SGB98242	0.029844907899952
t__SGB66046	0.201163902385403
t__SGB701	0.269348541242776
t__SGB95326	0.685403858918967
t__SGB2103	0.366593402807025
t__SGB14781	0.382629906098219
t__SGB4246	0.366593402807025
t__SGB13951	0.366593402807025
t__SGB105418	0.888067200644071
t__SGB5751	0.888067200644071
t__SGB10026	0.201163902385403
t__SGB107062	0.888067200644071
t__SGB33567	0.415736582229268
t__SGB4449	0.42050340855401
t__SGB15220	0.451383220259218
t__SGB2168	0.886554540180156
t__SGB10146	0.366593402807025
t__SGB49090	0.269348541242776
t__SGB7973	0.201163902385403
t__SGB5057	0.886554540180156
t__SGB4108	0.886554540180156
t__SGB19844	0.50762623212802
t__SGB15461	0.0703572108949177
t__SGB11986	0.888067200644071
t__SGB2119	0.366593402807025
t__SGB7125	0.366593402807025
t__SGB13135	0.366593402807025
t__SGB20183	0.366593402807025
t__SGB17265	0.366593402807025
t__SGB33580	0.366593402807025
t__SGB21585	0.366593402807025
t__SGB2084	0.201163902385403
t__SGB19903	0.161866741064435
t__SGB9418	0.11724574316963
t__SGB7830	0.888067200644071
t__SGB16957	0.366593402807025
t__SGB7848	0.366593402807025
t__SGB19921	0.596703507270729
t__SGB7861	0.269348541242776
t__SGB7865	0.886554540180156
t__SGB7180	0.888067200644071
t__SGB7283	0.117917844722651
t__SGB4294	0.366593402807025
t__SGB7221	0.201163902385403
t__SGB7220	0.366593402807025
t__SGB14305	0.886554540180156
t__SGB6270	0.11724574316963
t__SGB47291	0.366593402807025
t__SGB6528	0.366593402807025
t__SGB3551	0.366593402807025
t__SGB8608	0.366593402807025
t__SGB5750	0.366593402807025
t__SGB33566	0.115952672125141
t__SGB7847	0.11724574316963
t__SGB7028	0.366593402807025
t__SGB92834	0.366593402807025
t__SGB42252	0.684254568474772
t__SGB7917	0.201163902385403
t__SGB15354	0.366593402807025
t__SGB29900	0.366593402807025
t__SGB22909	0.685403858918967
t__SGB6676	0.366593402807025
t__SGB6693	0.201163902385403
t__SGB33716	0.888067200644071
t__SGB25314	0.68655387780093
t__SGB6655	0.366593402807025
t__SGB29938	0.366593402807025
t__SGB31075	0.366593402807025
t__SGB9996	0.888067200644071
t__SGB92538	0.366593402807025
t__SGB9994	0.366593402807025
t__SGB1601	0.117917844722651
t__EUK5480	0.201163902385403
t__SGB8023	0.0483813580650962
t__SGB8244	0.886554540180156
t__SGB17621	0.0703572108949177
t__SGB19791	0.383188989970986
t__SGB7173	0.269348541242776
t__SGB17047	0.269348541242776
t__SGB7077	0.226532810813193
t__SGB10343	0.450443959715302
t__SGB69453	0.269348541242776
t__SGB6030	0.451383220259218
t__SGB10136	0.886554540180156
t__SGB79035	0.366593402807025
t__SGB19881	0.337250230751315
t__SGB6678	0.366593402807025
t__SGB7818	0.201163902385403
t__SGB8213	0.967159527947137
t__SGB7916	0.842647884047193
t__SGB7150	0.366593402807025
t__SGB31144	0.366593402807025
t__SGB17523	0.802001112685496
t__SGB10439	0.0429668184159232
t__SGB12682	0.886554540180156
t__SGB16835	0.366593402807025
t__SGB9937	0.774581022501346
t__SGB29507	0.117917844722651
t__SGB48612	0.886554540180156
t__SGB6557	0.117917844722651
t__SGB21630	0.840528373256026
t__SGB10001	0.366593402807025
t__SGB1471	0.366593402807025
t__SGB2292	0.366593402807025
t__SGB5885	0.269348541242776
t__SGB2110	0.886554540180156
t__SGB2039	0.269348541242776
t__SGB1318	0.269348541242776
t__SGB69447	0.117917844722651
t__SGB24947	0.114592147495588
t__SGB6624	0.00337445769491427
t__SGB3587	0.269348541242776
t__SGB69449	0.055363254770627
t__SGB6622	0.0268704664046957
t__SGB1714	0.269348541242776
t__SGB17007	0.888067200644071
t__SGB4326	0.201163902385403
t__SGB3930	0.227053594893417
t__SGB1886	0.366593402807025
t__SGB5235	0.366593402807025
t__SGB12145	0.269348541242776
t__SGB85545	0.269348541242776
t__SGB9305	0.269348541242776
t__SGB10014	0.366593402807025
t__SGB2324	0.269348541242776
t__SGB53389	0.366593402807025
t__SGB2479	0.366593402807025
t__SGB2476	0.366593402807025
t__SGB61890	0.117917844722651
t__SGB12165	0.00413500721213671
t__SGB10464	0.269348541242776
t__SGB12716	0.117917844722651
t__SGB12690	0.269348541242776
t__SGB14369	0.366593402807025
t__SGB12459	0.16319915564029
t__SGB8644	0.269348541242776
t__SGB8642	0.269348541242776
t__SGB9436	0.269348541242776
t__SGB1566	0.117917844722651
t__SGB8603	0.366593402807025
t__SGB23102	0.269348541242776
t__SGB27842	0.269348541242776
t__SGB65712	0.366593402807025
t__SGB4307	0.366593402807025
t__SGB7046	0.888067200644071
t__SGB47860	0.366593402807025
t__SGB6549	0.269348541242776
t__SGB27761	0.886554540180156
t__SGB100575	0.269348541242776
t__SGB35952	0.886554540180156
t__SGB40285	0.269348541242776
t__SGB4683	0.269348541242776
t__SGB2307	0.366593402807025
t__SGB2158	0.366593402807025
t__SGB5730	0.201163902385403
t__SGB5869	0.269348541242776
t__SGB49088	0.269348541242776
t__SGB8344	0.0646935323959476
t__SGB7517	0.0165440078746186
t__SGB7677	0.0265497396824403
t__SGB25309	0.101325143924148
t__SGB7697	0.339416391663127
t__SGB7703_group	0.00490451564913174
t__SGB12163	0.0429668184159232
t__SGB6110	0.0155552653487666
t__SGB7434	0.0302336338048897
t__SGB3323	0.451383220259218
t__SGB6069	0.269348541242776
t__SGB2502	0.451383220259218
t__SGB12291	0.269348541242776
t__SGB7147	0.117917844722651
t__SGB9267	0.886554540180156
t__SGB5783	0.366593402807025
t__SGB2041	0.366593402807025
t__SGB10412	0.366593402807025
t__SGB5782	0.366593402807025
t__SGB35665	0.366593402807025
t__SGB7513	0.366593402807025
t__SGB7481	0.366593402807025
t__SGB3056	0.366593402807025
t__SGB1457	0.269348541242776
t__SGB42840	0.269348541242776
t__SGB6891	0.366593402807025
t__SGB78737	0.366593402807025
t__SGB2524	0.366593402807025
t__SGB3601	0.366593402807025
t__SGB2516	0.366593402807025
t__SGB2489	0.366593402807025
t__SGB4476	0.366593402807025
t__SGB2492	0.366593402807025
t__SGB2042	0.366593402807025
t__SGB96725	0.366593402807025
t__SGB2048	0.269348541242776
t__SGB99491	0.269348541242776
t__SGB13136	0.269348541242776
t__SGB17198	0.269348541242776
